"{'params': {'TPS': '100000000', 'EVENTS_NUM': '0', 'PERSON_PROPORTION': '1', 'AUCTION_PROPORTION': '3', 'BID_PROPORTION': '46', 'NEXMARK_TABLE': 'kafka', 'TOPIC': 'nexmark;nexmark-control', 'BOOTSTRAP_SERVERS': 'my-cluster-kafka-bootstrap.kafka:9092'}, 'notebook': '/xp_intro_q5_kafka_custom_ratelimit', 'timeout': 120}";;ea611b45acb08d4defec1d0801991cb0;16;8192;8;-1;1684283991000;30000;16;32;1;true;44;51350.94359892044;0
"{'params': {'TPS': '118222', 'EVENTS_NUM': '0', 'PERSON_PROPORTION': '1', 'AUCTION_PROPORTION': '3', 'BID_PROPORTION': '46', 'NEXMARK_TABLE': 'kafka', 'TOPIC': 'nexmark;nexmark-control', 'BOOTSTRAP_SERVERS': 'my-cluster-kafka-bootstrap.kafka:9092'}, 'notebook': '/xp_intro_q5_kafka_custom_ratelimit', 'timeout': 600}";"Calc(select=[bid.auction AS \$f0, PROCTIME() AS processingTime], where=[(event_type = 2)]);1|GroupWindowAggregate(groupBy=[\$f0], window=[SlidingGroupWindow('w\$, processingTime, 10000, 2000)], properties=[w\$start, w\$end, w\$proctime], select=[\$f0, COUNT(*) AS num, start('w\$) AS w\$start, end('w\$) AS w\$end, proctime('w\$) AS w\$proctime]);3|Calc(select=[\$f0 AS auction, num, w\$start AS starttime, w\$end AS endtime]);1|Calc(select=[w\$start AS starttime, w\$end AS endtime, num]);1|GroupAggregate(groupBy=[starttime, endtime], select=[starttime, endtime, MAX(num) AS maxn]);1|Calc(select=[maxn, starttime, endtime]);1|Join(joinType=[InnerJoin], where=[((starttime = starttime0) AND (endtime = endtime0) AND (num >= maxn))], select=[auction, num, starttime, endtime, maxn, starttime0, endtime0], leftInputSpec=[HasUniqueKey], rightInputSpec=[JoinKeyContainsUniqueKey]);2|Calc(select=[auction, num]);1|Sink: Sink(table=[default_catalog.default_database.discard_sink], fields=[auction, num]);1";20c16a2cfb8d517b4a6e4883f2aa2c46;16;8192;8;0;1684284949000;30000;16;32;1;true;44;118860.82857142856;118222.12
"{'params': {'TPS': '118222', 'EVENTS_NUM': '0', 'PERSON_PROPORTION': '1', 'AUCTION_PROPORTION': '3', 'BID_PROPORTION': '46', 'NEXMARK_TABLE': 'kafka', 'TOPIC': 'nexmark;nexmark-control', 'BOOTSTRAP_SERVERS': 'my-cluster-kafka-bootstrap.kafka:9092'}, 'notebook': '/xp_intro_q5_kafka_custom_ratelimit', 'timeout': 600}";"Calc(select=[bid.auction AS \$f0, PROCTIME() AS processingTime], where=[(event_type = 2)]);1|GroupWindowAggregate(groupBy=[\$f0], window=[SlidingGroupWindow('w\$, processingTime, 10000, 2000)], properties=[w\$start, w\$end, w\$proctime], select=[\$f0, COUNT(*) AS num, start('w\$) AS w\$start, end('w\$) AS w\$end, proctime('w\$) AS w\$proctime]);3|Calc(select=[\$f0 AS auction, num, w\$start AS starttime, w\$end AS endtime]);1|Calc(select=[w\$start AS starttime, w\$end AS endtime, num]);1|GroupAggregate(groupBy=[starttime, endtime], select=[starttime, endtime, MAX(num) AS maxn]);1|Calc(select=[maxn, starttime, endtime]);1|Join(joinType=[InnerJoin], where=[((starttime = starttime0) AND (endtime = endtime0) AND (num >= maxn))], select=[auction, num, starttime, endtime, maxn, starttime0, endtime0], leftInputSpec=[HasUniqueKey], rightInputSpec=[JoinKeyContainsUniqueKey]);2|Calc(select=[auction, num]);1|Sink: Sink(table=[default_catalog.default_database.discard_sink], fields=[auction, num]);1";a4924c342bd8ffa86c3ec8c942e2732d;16;8192;8;1;1684285905000;30000;16;32;1;true;44;116788.25714285714;118222.12
"{'params': {'TPS': '100000000', 'EVENTS_NUM': '0', 'PERSON_PROPORTION': '1', 'AUCTION_PROPORTION': '3', 'BID_PROPORTION': '46', 'NEXMARK_TABLE': 'kafka', 'TOPIC': 'nexmark;nexmark-control', 'BOOTSTRAP_SERVERS': 'my-cluster-kafka-bootstrap.kafka:9092'}, 'notebook': '/xp_intro_q5_kafka_custom_ratelimit', 'timeout': 120}";"Calc(select=[bid.auction AS \$f0, PROCTIME() AS processingTime], where=[(event_type = 2)]);1|GroupWindowAggregate(groupBy=[\$f0], window=[SlidingGroupWindow('w\$, processingTime, 10000, 2000)], properties=[w\$start, w\$end, w\$proctime], select=[\$f0, COUNT(*) AS num, start('w\$) AS w\$start, end('w\$) AS w\$end, proctime('w\$) AS w\$proctime]);5|Calc(select=[\$f0 AS auction, num, w\$start AS starttime, w\$end AS endtime]);1|Calc(select=[w\$start AS starttime, w\$end AS endtime, num]);1|GroupAggregate(groupBy=[starttime, endtime], select=[starttime, endtime, MAX(num) AS maxn]);1|Calc(select=[maxn, starttime, endtime]);1|Join(joinType=[InnerJoin], where=[((starttime = starttime0) AND (endtime = endtime0) AND (num >= maxn))], select=[auction, num, starttime, endtime, maxn, starttime0, endtime0], leftInputSpec=[HasUniqueKey], rightInputSpec=[JoinKeyContainsUniqueKey]);4|Calc(select=[auction, num]);1|Sink: Sink(table=[default_catalog.default_database.discard_sink], fields=[auction, num]);1";4406e896aad7b61afe1db3901917b62f;16;8192;8;-1;1684286937000;30000;16;32;1;true;48;76150.37142857142;217940.8
"{'params': {'TPS': '100000000', 'EVENTS_NUM': '0', 'PERSON_PROPORTION': '1', 'AUCTION_PROPORTION': '3', 'BID_PROPORTION': '46', 'NEXMARK_TABLE': 'kafka', 'TOPIC': 'nexmark;nexmark-control', 'BOOTSTRAP_SERVERS': 'my-cluster-kafka-bootstrap.kafka:9092'}, 'notebook': '/xp_intro_q5_kafka_custom_ratelimit', 'timeout': 120}";"Calc(select=[bid.auction AS \$f0, PROCTIME() AS processingTime], where=[(event_type = 2)]);1|GroupWindowAggregate(groupBy=[\$f0], window=[SlidingGroupWindow('w\$, processingTime, 10000, 2000)], properties=[w\$start, w\$end, w\$proctime], select=[\$f0, COUNT(*) AS num, start('w\$) AS w\$start, end('w\$) AS w\$end, proctime('w\$) AS w\$proctime]);5|Calc(select=[\$f0 AS auction, num, w\$start AS starttime, w\$end AS endtime]);1|Calc(select=[w\$start AS starttime, w\$end AS endtime, num]);1|GroupAggregate(groupBy=[starttime, endtime], select=[starttime, endtime, MAX(num) AS maxn]);1|Calc(select=[maxn, starttime, endtime]);1|Join(joinType=[InnerJoin], where=[((starttime = starttime0) AND (endtime = endtime0) AND (num >= maxn))], select=[auction, num, starttime, endtime, maxn, starttime0, endtime0], leftInputSpec=[HasUniqueKey], rightInputSpec=[JoinKeyContainsUniqueKey]);4|Calc(select=[auction, num]);1|Sink: Sink(table=[default_catalog.default_database.discard_sink], fields=[auction, num]);1";db452589c0a81bc68db9dd08e9e8eb6e;16;8192;8;0;1684287893000;30000;16;32;1;true;48;145343.9714285714;217940.8
"{'params': {'TPS': '100000000', 'EVENTS_NUM': '0', 'PERSON_PROPORTION': '1', 'AUCTION_PROPORTION': '3', 'BID_PROPORTION': '46', 'NEXMARK_TABLE': 'kafka', 'TOPIC': 'nexmark;nexmark-control', 'BOOTSTRAP_SERVERS': 'my-cluster-kafka-bootstrap.kafka:9092'}, 'notebook': '/xp_intro_q5_kafka_custom_ratelimit', 'timeout': 120}";"Calc(select=[bid.auction AS \$f0, PROCTIME() AS processingTime], where=[(event_type = 2)]);1|GroupWindowAggregate(groupBy=[\$f0], window=[SlidingGroupWindow('w\$, processingTime, 10000, 2000)], properties=[w\$start, w\$end, w\$proctime], select=[\$f0, COUNT(*) AS num, start('w\$) AS w\$start, end('w\$) AS w\$end, proctime('w\$) AS w\$proctime]);5|Calc(select=[\$f0 AS auction, num, w\$start AS starttime, w\$end AS endtime]);1|Calc(select=[w\$start AS starttime, w\$end AS endtime, num]);1|GroupAggregate(groupBy=[starttime, endtime], select=[starttime, endtime, MAX(num) AS maxn]);1|Calc(select=[maxn, starttime, endtime]);1|Join(joinType=[InnerJoin], where=[((starttime = starttime0) AND (endtime = endtime0) AND (num >= maxn))], select=[auction, num, starttime, endtime, maxn, starttime0, endtime0], leftInputSpec=[HasUniqueKey], rightInputSpec=[JoinKeyContainsUniqueKey]);4|Calc(select=[auction, num]);1|Sink: Sink(table=[default_catalog.default_database.discard_sink], fields=[auction, num]);1";f0fb29d7e2ebacc711a3898d13a9c06b;16;8192;8;1;1684288850000;30000;16;32;1;true;48;75609.97142857143;217940.8
"{'params': {'TPS': '100000000', 'EVENTS_NUM': '0', 'PERSON_PROPORTION': '1', 'AUCTION_PROPORTION': '3', 'BID_PROPORTION': '46', 'NEXMARK_TABLE': 'kafka', 'TOPIC': 'nexmark;nexmark-control', 'BOOTSTRAP_SERVERS': 'my-cluster-kafka-bootstrap.kafka:9092'}, 'notebook': '/xp_intro_q5_kafka_custom_ratelimit', 'timeout': 120}";"Calc(select=[bid.auction AS \$f0, PROCTIME() AS processingTime], where=[(event_type = 2)]);1|GroupWindowAggregate(groupBy=[\$f0], window=[SlidingGroupWindow('w\$, processingTime, 10000, 2000)], properties=[w\$start, w\$end, w\$proctime], select=[\$f0, COUNT(*) AS num, start('w\$) AS w\$start, end('w\$) AS w\$end, proctime('w\$) AS w\$proctime]);14|Calc(select=[\$f0 AS auction, num, w\$start AS starttime, w\$end AS endtime]);1|Calc(select=[w\$start AS starttime, w\$end AS endtime, num]);1|GroupAggregate(groupBy=[starttime, endtime], select=[starttime, endtime, MAX(num) AS maxn]);1|Calc(select=[maxn, starttime, endtime]);1|Join(joinType=[InnerJoin], where=[((starttime = starttime0) AND (endtime = endtime0) AND (num >= maxn))], select=[auction, num, starttime, endtime, maxn, starttime0, endtime0], leftInputSpec=[HasUniqueKey], rightInputSpec=[JoinKeyContainsUniqueKey]);11|Calc(select=[auction, num]);1|Sink: Sink(table=[default_catalog.default_database.discard_sink], fields=[auction, num]);1";ce1203cacedf958e7a33626498be55b1;16;8192;8;-1;1684289883000;30000;16;32;1;true;64;56836.25714285714;610234.23
"{'params': {'TPS': '100000000', 'EVENTS_NUM': '0', 'PERSON_PROPORTION': '1', 'AUCTION_PROPORTION': '3', 'BID_PROPORTION': '46', 'NEXMARK_TABLE': 'kafka', 'TOPIC': 'nexmark;nexmark-control', 'BOOTSTRAP_SERVERS': 'my-cluster-kafka-bootstrap.kafka:9092'}, 'notebook': '/xp_intro_q5_kafka_custom_ratelimit', 'timeout': 120}";"Calc(select=[bid.auction AS \$f0, PROCTIME() AS processingTime], where=[(event_type = 2)]);1|GroupWindowAggregate(groupBy=[\$f0], window=[SlidingGroupWindow('w\$, processingTime, 10000, 2000)], properties=[w\$start, w\$end, w\$proctime], select=[\$f0, COUNT(*) AS num, start('w\$) AS w\$start, end('w\$) AS w\$end, proctime('w\$) AS w\$proctime]);14|Calc(select=[\$f0 AS auction, num, w\$start AS starttime, w\$end AS endtime]);1|Calc(select=[w\$start AS starttime, w\$end AS endtime, num]);1|GroupAggregate(groupBy=[starttime, endtime], select=[starttime, endtime, MAX(num) AS maxn]);1|Calc(select=[maxn, starttime, endtime]);1|Join(joinType=[InnerJoin], where=[((starttime = starttime0) AND (endtime = endtime0) AND (num >= maxn))], select=[auction, num, starttime, endtime, maxn, starttime0, endtime0], leftInputSpec=[HasUniqueKey], rightInputSpec=[JoinKeyContainsUniqueKey]);11|Calc(select=[auction, num]);1|Sink: Sink(table=[default_catalog.default_database.discard_sink], fields=[auction, num]);1";d44775a1c892ff3ecf0d2240680f792f;16;8192;8;0;1684290840000;30000;16;32;1;true;64;183736.7142857143;610234.23
"{'params': {'TPS': '100000000', 'EVENTS_NUM': '0', 'PERSON_PROPORTION': '1', 'AUCTION_PROPORTION': '3', 'BID_PROPORTION': '46', 'NEXMARK_TABLE': 'kafka', 'TOPIC': 'nexmark;nexmark-control', 'BOOTSTRAP_SERVERS': 'my-cluster-kafka-bootstrap.kafka:9092'}, 'notebook': '/xp_intro_q5_kafka_custom_ratelimit', 'timeout': 120}";"Calc(select=[bid.auction AS \$f0, PROCTIME() AS processingTime], where=[(event_type = 2)]);1|GroupWindowAggregate(groupBy=[\$f0], window=[SlidingGroupWindow('w\$, processingTime, 10000, 2000)], properties=[w\$start, w\$end, w\$proctime], select=[\$f0, COUNT(*) AS num, start('w\$) AS w\$start, end('w\$) AS w\$end, proctime('w\$) AS w\$proctime]);14|Calc(select=[\$f0 AS auction, num, w\$start AS starttime, w\$end AS endtime]);1|Calc(select=[w\$start AS starttime, w\$end AS endtime, num]);1|GroupAggregate(groupBy=[starttime, endtime], select=[starttime, endtime, MAX(num) AS maxn]);1|Calc(select=[maxn, starttime, endtime]);1|Join(joinType=[InnerJoin], where=[((starttime = starttime0) AND (endtime = endtime0) AND (num >= maxn))], select=[auction, num, starttime, endtime, maxn, starttime0, endtime0], leftInputSpec=[HasUniqueKey], rightInputSpec=[JoinKeyContainsUniqueKey]);11|Calc(select=[auction, num]);1|Sink: Sink(table=[default_catalog.default_database.discard_sink], fields=[auction, num]);1";f11ecb39b4b8ae4fb03b6a7a1dd6bfbf;16;8192;8;1;1684291571000;30000;16;32;1;true;64;74766.22857142855;610234.23
"{'params': {'TPS': '100000000', 'EVENTS_NUM': '0', 'PERSON_PROPORTION': '1', 'AUCTION_PROPORTION': '3', 'BID_PROPORTION': '46', 'NEXMARK_TABLE': 'kafka', 'TOPIC': 'nexmark;nexmark-control', 'BOOTSTRAP_SERVERS': 'my-cluster-kafka-bootstrap.kafka:9092'}, 'notebook': '/xp_intro_q5_kafka_custom_ratelimit', 'timeout': 120}";"Calc(select=[bid.auction AS \$f0, PROCTIME() AS processingTime], where=[(event_type = 2)]);2|GroupWindowAggregate(groupBy=[\$f0], window=[SlidingGroupWindow('w\$, processingTime, 10000, 2000)], properties=[w\$start, w\$end, w\$proctime], select=[\$f0, COUNT(*) AS num, start('w\$) AS w\$start, end('w\$) AS w\$end, proctime('w\$) AS w\$proctime]);22|Calc(select=[\$f0 AS auction, num, w\$start AS starttime, w\$end AS endtime]);1|Calc(select=[w\$start AS starttime, w\$end AS endtime, num]);1|GroupAggregate(groupBy=[starttime, endtime], select=[starttime, endtime, MAX(num) AS maxn]);2|Calc(select=[maxn, starttime, endtime]);1|Join(joinType=[InnerJoin], where=[((starttime = starttime0) AND (endtime = endtime0) AND (num >= maxn))], select=[auction, num, starttime, endtime, maxn, starttime0, endtime0], leftInputSpec=[HasUniqueKey], rightInputSpec=[JoinKeyContainsUniqueKey]);17|Calc(select=[auction, num]);1|Sink: Sink(table=[default_catalog.default_database.discard_sink], fields=[auction, num]);1";f8155bee300cde13e5b374ebb45028f7;16;8192;8;-1;1684292603000;30000;16;32;1;true;80;118838.9142857143;958939.51
"{'params': {'TPS': '100000000', 'EVENTS_NUM': '0', 'PERSON_PROPORTION': '1', 'AUCTION_PROPORTION': '3', 'BID_PROPORTION': '46', 'NEXMARK_TABLE': 'kafka', 'TOPIC': 'nexmark;nexmark-control', 'BOOTSTRAP_SERVERS': 'my-cluster-kafka-bootstrap.kafka:9092'}, 'notebook': '/xp_intro_q5_kafka_custom_ratelimit', 'timeout': 120}";"Calc(select=[bid.auction AS \$f0, PROCTIME() AS processingTime], where=[(event_type = 2)]);2|GroupWindowAggregate(groupBy=[\$f0], window=[SlidingGroupWindow('w\$, processingTime, 10000, 2000)], properties=[w\$start, w\$end, w\$proctime], select=[\$f0, COUNT(*) AS num, start('w\$) AS w\$start, end('w\$) AS w\$end, proctime('w\$) AS w\$proctime]);22|Calc(select=[\$f0 AS auction, num, w\$start AS starttime, w\$end AS endtime]);1|Calc(select=[w\$start AS starttime, w\$end AS endtime, num]);1|GroupAggregate(groupBy=[starttime, endtime], select=[starttime, endtime, MAX(num) AS maxn]);2|Calc(select=[maxn, starttime, endtime]);1|Join(joinType=[InnerJoin], where=[((starttime = starttime0) AND (endtime = endtime0) AND (num >= maxn))], select=[auction, num, starttime, endtime, maxn, starttime0, endtime0], leftInputSpec=[HasUniqueKey], rightInputSpec=[JoinKeyContainsUniqueKey]);17|Calc(select=[auction, num]);1|Sink: Sink(table=[default_catalog.default_database.discard_sink], fields=[auction, num]);1";1de0a362eea9808d6a9f10bf703c56ae;16;8192;8;0;1684293559000;30000;16;32;1;true;80;102618.45714285714;958939.51
"{'params': {'TPS': '100000000', 'EVENTS_NUM': '0', 'PERSON_PROPORTION': '1', 'AUCTION_PROPORTION': '3', 'BID_PROPORTION': '46', 'NEXMARK_TABLE': 'kafka', 'TOPIC': 'nexmark;nexmark-control', 'BOOTSTRAP_SERVERS': 'my-cluster-kafka-bootstrap.kafka:9092'}, 'notebook': '/xp_intro_q5_kafka_custom_ratelimit', 'timeout': 120}";"Calc(select=[bid.auction AS \$f0, PROCTIME() AS processingTime], where=[(event_type = 2)]);2|GroupWindowAggregate(groupBy=[\$f0], window=[SlidingGroupWindow('w\$, processingTime, 10000, 2000)], properties=[w\$start, w\$end, w\$proctime], select=[\$f0, COUNT(*) AS num, start('w\$) AS w\$start, end('w\$) AS w\$end, proctime('w\$) AS w\$proctime]);22|Calc(select=[\$f0 AS auction, num, w\$start AS starttime, w\$end AS endtime]);1|Calc(select=[w\$start AS starttime, w\$end AS endtime, num]);1|GroupAggregate(groupBy=[starttime, endtime], select=[starttime, endtime, MAX(num) AS maxn]);2|Calc(select=[maxn, starttime, endtime]);1|Join(joinType=[InnerJoin], where=[((starttime = starttime0) AND (endtime = endtime0) AND (num >= maxn))], select=[auction, num, starttime, endtime, maxn, starttime0, endtime0], leftInputSpec=[HasUniqueKey], rightInputSpec=[JoinKeyContainsUniqueKey]);17|Calc(select=[auction, num]);1|Sink: Sink(table=[default_catalog.default_database.discard_sink], fields=[auction, num]);1";b0060cf2db0d6e44b70ecce4cb8be94a;16;8192;8;1;1684294590000;30000;16;32;1;true;80;182352.82857142857;958939.51
"{'params': {'TPS': '100000000', 'EVENTS_NUM': '0', 'PERSON_PROPORTION': '1', 'AUCTION_PROPORTION': '3', 'BID_PROPORTION': '46', 'NEXMARK_TABLE': 'kafka', 'TOPIC': 'nexmark;nexmark-control', 'BOOTSTRAP_SERVERS': 'my-cluster-kafka-bootstrap.kafka:9092'}, 'notebook': '/xp_intro_q5_kafka_custom_ratelimit', 'timeout': 120}";;55e52503ac549542556c323d98bc0fe8;16;16384;8;-1;1684295690000;30000;16;32;1;true;44;52545.25714285714;958939.51
"{'params': {'TPS': '133644', 'EVENTS_NUM': '0', 'PERSON_PROPORTION': '1', 'AUCTION_PROPORTION': '3', 'BID_PROPORTION': '46', 'NEXMARK_TABLE': 'kafka', 'TOPIC': 'nexmark;nexmark-control', 'BOOTSTRAP_SERVERS': 'my-cluster-kafka-bootstrap.kafka:9092'}, 'notebook': '/xp_intro_q5_kafka_custom_ratelimit', 'timeout': 600}";"Calc(select=[bid.auction AS \$f0, PROCTIME() AS processingTime], where=[(event_type = 2)]);1|GroupWindowAggregate(groupBy=[\$f0], window=[SlidingGroupWindow('w\$, processingTime, 10000, 2000)], properties=[w\$start, w\$end, w\$proctime], select=[\$f0, COUNT(*) AS num, start('w\$) AS w\$start, end('w\$) AS w\$end, proctime('w\$) AS w\$proctime]);3|Calc(select=[\$f0 AS auction, num, w\$start AS starttime, w\$end AS endtime]);1|Calc(select=[w\$start AS starttime, w\$end AS endtime, num]);1|GroupAggregate(groupBy=[starttime, endtime], select=[starttime, endtime, MAX(num) AS maxn]);1|Calc(select=[maxn, starttime, endtime]);1|Join(joinType=[InnerJoin], where=[((starttime = starttime0) AND (endtime = endtime0) AND (num >= maxn))], select=[auction, num, starttime, endtime, maxn, starttime0, endtime0], leftInputSpec=[HasUniqueKey], rightInputSpec=[JoinKeyContainsUniqueKey]);2|Calc(select=[auction, num]);1|Sink: Sink(table=[default_catalog.default_database.discard_sink], fields=[auction, num]);1";d91a9cd062b88dc604c246cb34adb99b;16;16384;8;0;1684296722000;30000;16;32;1;true;44;133762.97142857144;133644.13
"{'params': {'TPS': '133644', 'EVENTS_NUM': '0', 'PERSON_PROPORTION': '1', 'AUCTION_PROPORTION': '3', 'BID_PROPORTION': '46', 'NEXMARK_TABLE': 'kafka', 'TOPIC': 'nexmark;nexmark-control', 'BOOTSTRAP_SERVERS': 'my-cluster-kafka-bootstrap.kafka:9092'}, 'notebook': '/xp_intro_q5_kafka_custom_ratelimit', 'timeout': 600}";"Calc(select=[bid.auction AS \$f0, PROCTIME() AS processingTime], where=[(event_type = 2)]);1|GroupWindowAggregate(groupBy=[\$f0], window=[SlidingGroupWindow('w\$, processingTime, 10000, 2000)], properties=[w\$start, w\$end, w\$proctime], select=[\$f0, COUNT(*) AS num, start('w\$) AS w\$start, end('w\$) AS w\$end, proctime('w\$) AS w\$proctime]);3|Calc(select=[\$f0 AS auction, num, w\$start AS starttime, w\$end AS endtime]);1|Calc(select=[w\$start AS starttime, w\$end AS endtime, num]);1|GroupAggregate(groupBy=[starttime, endtime], select=[starttime, endtime, MAX(num) AS maxn]);1|Calc(select=[maxn, starttime, endtime]);1|Join(joinType=[InnerJoin], where=[((starttime = starttime0) AND (endtime = endtime0) AND (num >= maxn))], select=[auction, num, starttime, endtime, maxn, starttime0, endtime0], leftInputSpec=[HasUniqueKey], rightInputSpec=[JoinKeyContainsUniqueKey]);2|Calc(select=[auction, num]);1|Sink: Sink(table=[default_catalog.default_database.discard_sink], fields=[auction, num]);1";1cf71be6f11844625bfe04400c770314;16;16384;8;1;1684297678000;30000;16;32;1;true;44;130552.94285714287;133644.13
"{'params': {'TPS': '100000000', 'EVENTS_NUM': '0', 'PERSON_PROPORTION': '1', 'AUCTION_PROPORTION': '3', 'BID_PROPORTION': '46', 'NEXMARK_TABLE': 'kafka', 'TOPIC': 'nexmark;nexmark-control', 'BOOTSTRAP_SERVERS': 'my-cluster-kafka-bootstrap.kafka:9092'}, 'notebook': '/xp_intro_q5_kafka_custom_ratelimit', 'timeout': 120}";"Calc(select=[bid.auction AS \$f0, PROCTIME() AS processingTime], where=[(event_type = 2)]);1|GroupWindowAggregate(groupBy=[\$f0], window=[SlidingGroupWindow('w\$, processingTime, 10000, 2000)], properties=[w\$start, w\$end, w\$proctime], select=[\$f0, COUNT(*) AS num, start('w\$) AS w\$start, end('w\$) AS w\$end, proctime('w\$) AS w\$proctime]);6|Calc(select=[\$f0 AS auction, num, w\$start AS starttime, w\$end AS endtime]);1|Calc(select=[w\$start AS starttime, w\$end AS endtime, num]);1|GroupAggregate(groupBy=[starttime, endtime], select=[starttime, endtime, MAX(num) AS maxn]);1|Calc(select=[maxn, starttime, endtime]);1|Join(joinType=[InnerJoin], where=[((starttime = starttime0) AND (endtime = endtime0) AND (num >= maxn))], select=[auction, num, starttime, endtime, maxn, starttime0, endtime0], leftInputSpec=[HasUniqueKey], rightInputSpec=[JoinKeyContainsUniqueKey]);3|Calc(select=[auction, num]);1|Sink: Sink(table=[default_catalog.default_database.discard_sink], fields=[auction, num]);1";4ef89354a46057f3a9d02f1d1fc00d8c;16;16384;8;-1;1684298710000;30000;16;32;1;true;48;92218.62857142859;252437.55
"{'params': {'TPS': '100000000', 'EVENTS_NUM': '0', 'PERSON_PROPORTION': '1', 'AUCTION_PROPORTION': '3', 'BID_PROPORTION': '46', 'NEXMARK_TABLE': 'kafka', 'TOPIC': 'nexmark;nexmark-control', 'BOOTSTRAP_SERVERS': 'my-cluster-kafka-bootstrap.kafka:9092'}, 'notebook': '/xp_intro_q5_kafka_custom_ratelimit', 'timeout': 120}";"Calc(select=[bid.auction AS \$f0, PROCTIME() AS processingTime], where=[(event_type = 2)]);1|GroupWindowAggregate(groupBy=[\$f0], window=[SlidingGroupWindow('w\$, processingTime, 10000, 2000)], properties=[w\$start, w\$end, w\$proctime], select=[\$f0, COUNT(*) AS num, start('w\$) AS w\$start, end('w\$) AS w\$end, proctime('w\$) AS w\$proctime]);6|Calc(select=[\$f0 AS auction, num, w\$start AS starttime, w\$end AS endtime]);1|Calc(select=[w\$start AS starttime, w\$end AS endtime, num]);1|GroupAggregate(groupBy=[starttime, endtime], select=[starttime, endtime, MAX(num) AS maxn]);1|Calc(select=[maxn, starttime, endtime]);1|Join(joinType=[InnerJoin], where=[((starttime = starttime0) AND (endtime = endtime0) AND (num >= maxn))], select=[auction, num, starttime, endtime, maxn, starttime0, endtime0], leftInputSpec=[HasUniqueKey], rightInputSpec=[JoinKeyContainsUniqueKey]);3|Calc(select=[auction, num]);1|Sink: Sink(table=[default_catalog.default_database.discard_sink], fields=[auction, num]);1";22b6f9e1124cbc51270099a8bbe7eb08;16;16384;8;0;1684299593000;30000;16;32;1;true;48;94567.28571428571;252437.55
"{'params': {'TPS': '100000000', 'EVENTS_NUM': '0', 'PERSON_PROPORTION': '1', 'AUCTION_PROPORTION': '3', 'BID_PROPORTION': '46', 'NEXMARK_TABLE': 'kafka', 'TOPIC': 'nexmark;nexmark-control', 'BOOTSTRAP_SERVERS': 'my-cluster-kafka-bootstrap.kafka:9092'}, 'notebook': '/xp_intro_q5_kafka_custom_ratelimit', 'timeout': 120}";"Calc(select=[bid.auction AS \$f0, PROCTIME() AS processingTime], where=[(event_type = 2)]);1|GroupWindowAggregate(groupBy=[\$f0], window=[SlidingGroupWindow('w\$, processingTime, 10000, 2000)], properties=[w\$start, w\$end, w\$proctime], select=[\$f0, COUNT(*) AS num, start('w\$) AS w\$start, end('w\$) AS w\$end, proctime('w\$) AS w\$proctime]);6|Calc(select=[\$f0 AS auction, num, w\$start AS starttime, w\$end AS endtime]);1|Calc(select=[w\$start AS starttime, w\$end AS endtime, num]);1|GroupAggregate(groupBy=[starttime, endtime], select=[starttime, endtime, MAX(num) AS maxn]);1|Calc(select=[maxn, starttime, endtime]);1|Join(joinType=[InnerJoin], where=[((starttime = starttime0) AND (endtime = endtime0) AND (num >= maxn))], select=[auction, num, starttime, endtime, maxn, starttime0, endtime0], leftInputSpec=[HasUniqueKey], rightInputSpec=[JoinKeyContainsUniqueKey]);3|Calc(select=[auction, num]);1|Sink: Sink(table=[default_catalog.default_database.discard_sink], fields=[auction, num]);1";c29f2a8dee2cd46e3177c7e34e76a8a9;16;16384;8;1;1684300625000;30000;16;32;1;true;48;100589.80000000002;252437.55
"{'params': {'TPS': '100000000', 'EVENTS_NUM': '0', 'PERSON_PROPORTION': '1', 'AUCTION_PROPORTION': '3', 'BID_PROPORTION': '46', 'NEXMARK_TABLE': 'kafka', 'TOPIC': 'nexmark;nexmark-control', 'BOOTSTRAP_SERVERS': 'my-cluster-kafka-bootstrap.kafka:9092'}, 'notebook': '/xp_intro_q5_kafka_custom_ratelimit', 'timeout': 120}";"Calc(select=[bid.auction AS \$f0, PROCTIME() AS processingTime], where=[(event_type = 2)]);1|GroupWindowAggregate(groupBy=[\$f0], window=[SlidingGroupWindow('w\$, processingTime, 10000, 2000)], properties=[w\$start, w\$end, w\$proctime], select=[\$f0, COUNT(*) AS num, start('w\$) AS w\$start, end('w\$) AS w\$end, proctime('w\$) AS w\$proctime]);16|Calc(select=[\$f0 AS auction, num, w\$start AS starttime, w\$end AS endtime]);1|Calc(select=[w\$start AS starttime, w\$end AS endtime, num]);1|GroupAggregate(groupBy=[starttime, endtime], select=[starttime, endtime, MAX(num) AS maxn]);1|Calc(select=[maxn, starttime, endtime]);1|Join(joinType=[InnerJoin], where=[((starttime = starttime0) AND (endtime = endtime0) AND (num >= maxn))], select=[auction, num, starttime, endtime, maxn, starttime0, endtime0], leftInputSpec=[HasUniqueKey], rightInputSpec=[JoinKeyContainsUniqueKey]);9|Calc(select=[auction, num]);1|Sink: Sink(table=[default_catalog.default_database.discard_sink], fields=[auction, num]);1";1d161a173365b27b99603b76a87008fa;16;16384;8;-1;1684301938000;30000;16;32;1;true;64;93195.14285714286;712768.71
"{'params': {'TPS': '100000000', 'EVENTS_NUM': '0', 'PERSON_PROPORTION': '1', 'AUCTION_PROPORTION': '3', 'BID_PROPORTION': '46', 'NEXMARK_TABLE': 'kafka', 'TOPIC': 'nexmark;nexmark-control', 'BOOTSTRAP_SERVERS': 'my-cluster-kafka-bootstrap.kafka:9092'}, 'notebook': '/xp_intro_q5_kafka_custom_ratelimit', 'timeout': 120}";"Calc(select=[bid.auction AS \$f0, PROCTIME() AS processingTime], where=[(event_type = 2)]);1|GroupWindowAggregate(groupBy=[\$f0], window=[SlidingGroupWindow('w\$, processingTime, 10000, 2000)], properties=[w\$start, w\$end, w\$proctime], select=[\$f0, COUNT(*) AS num, start('w\$) AS w\$start, end('w\$) AS w\$end, proctime('w\$) AS w\$proctime]);16|Calc(select=[\$f0 AS auction, num, w\$start AS starttime, w\$end AS endtime]);1|Calc(select=[w\$start AS starttime, w\$end AS endtime, num]);1|GroupAggregate(groupBy=[starttime, endtime], select=[starttime, endtime, MAX(num) AS maxn]);1|Calc(select=[maxn, starttime, endtime]);1|Join(joinType=[InnerJoin], where=[((starttime = starttime0) AND (endtime = endtime0) AND (num >= maxn))], select=[auction, num, starttime, endtime, maxn, starttime0, endtime0], leftInputSpec=[HasUniqueKey], rightInputSpec=[JoinKeyContainsUniqueKey]);9|Calc(select=[auction, num]);1|Sink: Sink(table=[default_catalog.default_database.discard_sink], fields=[auction, num]);1";805edc1b3fcec8b5061fc15f072e3a49;16;16384;8;0;1684302820000;30000;16;32;1;true;64;162821.57142857142;712768.71
"{'params': {'TPS': '100000000', 'EVENTS_NUM': '0', 'PERSON_PROPORTION': '1', 'AUCTION_PROPORTION': '3', 'BID_PROPORTION': '46', 'NEXMARK_TABLE': 'kafka', 'TOPIC': 'nexmark;nexmark-control', 'BOOTSTRAP_SERVERS': 'my-cluster-kafka-bootstrap.kafka:9092'}, 'notebook': '/xp_intro_q5_kafka_custom_ratelimit', 'timeout': 120}";"Calc(select=[bid.auction AS \$f0, PROCTIME() AS processingTime], where=[(event_type = 2)]);1|GroupWindowAggregate(groupBy=[\$f0], window=[SlidingGroupWindow('w\$, processingTime, 10000, 2000)], properties=[w\$start, w\$end, w\$proctime], select=[\$f0, COUNT(*) AS num, start('w\$) AS w\$start, end('w\$) AS w\$end, proctime('w\$) AS w\$proctime]);16|Calc(select=[\$f0 AS auction, num, w\$start AS starttime, w\$end AS endtime]);1|Calc(select=[w\$start AS starttime, w\$end AS endtime, num]);1|GroupAggregate(groupBy=[starttime, endtime], select=[starttime, endtime, MAX(num) AS maxn]);1|Calc(select=[maxn, starttime, endtime]);1|Join(joinType=[InnerJoin], where=[((starttime = starttime0) AND (endtime = endtime0) AND (num >= maxn))], select=[auction, num, starttime, endtime, maxn, starttime0, endtime0], leftInputSpec=[HasUniqueKey], rightInputSpec=[JoinKeyContainsUniqueKey]);9|Calc(select=[auction, num]);1|Sink: Sink(table=[default_catalog.default_database.discard_sink], fields=[auction, num]);1";8593e87f1f0968bb6adec21ad2940451;16;16384;8;1;1684304078000;30000;16;32;1;true;64;123894.82857142857;712768.71
"{'params': {'TPS': '100000000', 'EVENTS_NUM': '0', 'PERSON_PROPORTION': '1', 'AUCTION_PROPORTION': '3', 'BID_PROPORTION': '46', 'NEXMARK_TABLE': 'kafka', 'TOPIC': 'nexmark;nexmark-control', 'BOOTSTRAP_SERVERS': 'my-cluster-kafka-bootstrap.kafka:9092'}, 'notebook': '/xp_intro_q5_kafka_custom_ratelimit', 'timeout': 120}";"Calc(select=[bid.auction AS \$f0, PROCTIME() AS processingTime], where=[(event_type = 2)]);2|GroupWindowAggregate(groupBy=[\$f0], window=[SlidingGroupWindow('w\$, processingTime, 10000, 2000)], properties=[w\$start, w\$end, w\$proctime], select=[\$f0, COUNT(*) AS num, start('w\$) AS w\$start, end('w\$) AS w\$end, proctime('w\$) AS w\$proctime]);25|Calc(select=[\$f0 AS auction, num, w\$start AS starttime, w\$end AS endtime]);1|Calc(select=[w\$start AS starttime, w\$end AS endtime, num]);1|GroupAggregate(groupBy=[starttime, endtime], select=[starttime, endtime, MAX(num) AS maxn]);2|Calc(select=[maxn, starttime, endtime]);1|Join(joinType=[InnerJoin], where=[((starttime = starttime0) AND (endtime = endtime0) AND (num >= maxn))], select=[auction, num, starttime, endtime, maxn, starttime0, endtime0], leftInputSpec=[HasUniqueKey], rightInputSpec=[JoinKeyContainsUniqueKey]);14|Calc(select=[auction, num]);1|Sink: Sink(table=[default_catalog.default_database.discard_sink], fields=[auction, num]);1";7ff4ddb3f1203a60becdd5a1fd114d28;16;16384;8;-1;1684305616000;30000;16;32;1;true;80;111889.25714285715;1113701.1
"{'params': {'TPS': '100000000', 'EVENTS_NUM': '0', 'PERSON_PROPORTION': '1', 'AUCTION_PROPORTION': '3', 'BID_PROPORTION': '46', 'NEXMARK_TABLE': 'kafka', 'TOPIC': 'nexmark;nexmark-control', 'BOOTSTRAP_SERVERS': 'my-cluster-kafka-bootstrap.kafka:9092'}, 'notebook': '/xp_intro_q5_kafka_custom_ratelimit', 'timeout': 120}";"Calc(select=[bid.auction AS \$f0, PROCTIME() AS processingTime], where=[(event_type = 2)]);2|GroupWindowAggregate(groupBy=[\$f0], window=[SlidingGroupWindow('w\$, processingTime, 10000, 2000)], properties=[w\$start, w\$end, w\$proctime], select=[\$f0, COUNT(*) AS num, start('w\$) AS w\$start, end('w\$) AS w\$end, proctime('w\$) AS w\$proctime]);25|Calc(select=[\$f0 AS auction, num, w\$start AS starttime, w\$end AS endtime]);1|Calc(select=[w\$start AS starttime, w\$end AS endtime, num]);1|GroupAggregate(groupBy=[starttime, endtime], select=[starttime, endtime, MAX(num) AS maxn]);2|Calc(select=[maxn, starttime, endtime]);1|Join(joinType=[InnerJoin], where=[((starttime = starttime0) AND (endtime = endtime0) AND (num >= maxn))], select=[auction, num, starttime, endtime, maxn, starttime0, endtime0], leftInputSpec=[HasUniqueKey], rightInputSpec=[JoinKeyContainsUniqueKey]);14|Calc(select=[auction, num]);1|Sink: Sink(table=[default_catalog.default_database.discard_sink], fields=[auction, num]);1";8747e392dcc857fd24bca994928d0d16;16;16384;8;0;1684306573000;30000;16;32;1;true;80;147202.80000000002;1113701.1
"{'params': {'TPS': '100000000', 'EVENTS_NUM': '0', 'PERSON_PROPORTION': '1', 'AUCTION_PROPORTION': '3', 'BID_PROPORTION': '46', 'NEXMARK_TABLE': 'kafka', 'TOPIC': 'nexmark;nexmark-control', 'BOOTSTRAP_SERVERS': 'my-cluster-kafka-bootstrap.kafka:9092'}, 'notebook': '/xp_intro_q5_kafka_custom_ratelimit', 'timeout': 120}";"Calc(select=[bid.auction AS \$f0, PROCTIME() AS processingTime], where=[(event_type = 2)]);2|GroupWindowAggregate(groupBy=[\$f0], window=[SlidingGroupWindow('w\$, processingTime, 10000, 2000)], properties=[w\$start, w\$end, w\$proctime], select=[\$f0, COUNT(*) AS num, start('w\$) AS w\$start, end('w\$) AS w\$end, proctime('w\$) AS w\$proctime]);25|Calc(select=[\$f0 AS auction, num, w\$start AS starttime, w\$end AS endtime]);1|Calc(select=[w\$start AS starttime, w\$end AS endtime, num]);1|GroupAggregate(groupBy=[starttime, endtime], select=[starttime, endtime, MAX(num) AS maxn]);2|Calc(select=[maxn, starttime, endtime]);1|Join(joinType=[InnerJoin], where=[((starttime = starttime0) AND (endtime = endtime0) AND (num >= maxn))], select=[auction, num, starttime, endtime, maxn, starttime0, endtime0], leftInputSpec=[HasUniqueKey], rightInputSpec=[JoinKeyContainsUniqueKey]);14|Calc(select=[auction, num]);1|Sink: Sink(table=[default_catalog.default_database.discard_sink], fields=[auction, num]);1";0a615d0a49d527f96286edbc963510b2;16;16384;8;1;1684307530000;30000;16;32;1;true;80;125227.74285714285;1113701.1
"{'params': {'TPS': '100000000', 'EVENTS_NUM': '0', 'PERSON_PROPORTION': '1', 'AUCTION_PROPORTION': '3', 'BID_PROPORTION': '46', 'NEXMARK_TABLE': 'kafka', 'TOPIC': 'nexmark;nexmark-control', 'BOOTSTRAP_SERVERS': 'my-cluster-kafka-bootstrap.kafka:9092'}, 'notebook': '/xp_intro_q5_kafka_custom_ratelimit', 'timeout': 120}";;3ab8c26bbf5b22305281cc91a480f5b5;16;32768;8;-1;1684308490000;30000;16;32;1;true;44;50793.71464665623;1113701.1
"{'params': {'TPS': '176873', 'EVENTS_NUM': '0', 'PERSON_PROPORTION': '1', 'AUCTION_PROPORTION': '3', 'BID_PROPORTION': '46', 'NEXMARK_TABLE': 'kafka', 'TOPIC': 'nexmark;nexmark-control', 'BOOTSTRAP_SERVERS': 'my-cluster-kafka-bootstrap.kafka:9092'}, 'notebook': '/xp_intro_q5_kafka_custom_ratelimit', 'timeout': 600}";"Calc(select=[bid.auction AS \$f0, PROCTIME() AS processingTime], where=[(event_type = 2)]);1|GroupWindowAggregate(groupBy=[\$f0], window=[SlidingGroupWindow('w\$, processingTime, 10000, 2000)], properties=[w\$start, w\$end, w\$proctime], select=[\$f0, COUNT(*) AS num, start('w\$) AS w\$start, end('w\$) AS w\$end, proctime('w\$) AS w\$proctime]);4|Calc(select=[\$f0 AS auction, num, w\$start AS starttime, w\$end AS endtime]);1|Calc(select=[w\$start AS starttime, w\$end AS endtime, num]);1|GroupAggregate(groupBy=[starttime, endtime], select=[starttime, endtime, MAX(num) AS maxn]);1|Calc(select=[maxn, starttime, endtime]);1|Join(joinType=[InnerJoin], where=[((starttime = starttime0) AND (endtime = endtime0) AND (num >= maxn))], select=[auction, num, starttime, endtime, maxn, starttime0, endtime0], leftInputSpec=[HasUniqueKey], rightInputSpec=[JoinKeyContainsUniqueKey]);1|Calc(select=[auction, num]);1|Sink: Sink(table=[default_catalog.default_database.discard_sink], fields=[auction, num]);1";67f88e7aafc78d4e257ccf819bf4b1b6;16;32768;8;0;1684309522000;30000;16;32;1;true;44;171038.45714285714;176873.54
"{'params': {'TPS': '176873', 'EVENTS_NUM': '0', 'PERSON_PROPORTION': '1', 'AUCTION_PROPORTION': '3', 'BID_PROPORTION': '46', 'NEXMARK_TABLE': 'kafka', 'TOPIC': 'nexmark;nexmark-control', 'BOOTSTRAP_SERVERS': 'my-cluster-kafka-bootstrap.kafka:9092'}, 'notebook': '/xp_intro_q5_kafka_custom_ratelimit', 'timeout': 600}";"Calc(select=[bid.auction AS \$f0, PROCTIME() AS processingTime], where=[(event_type = 2)]);1|GroupWindowAggregate(groupBy=[\$f0], window=[SlidingGroupWindow('w\$, processingTime, 10000, 2000)], properties=[w\$start, w\$end, w\$proctime], select=[\$f0, COUNT(*) AS num, start('w\$) AS w\$start, end('w\$) AS w\$end, proctime('w\$) AS w\$proctime]);4|Calc(select=[\$f0 AS auction, num, w\$start AS starttime, w\$end AS endtime]);1|Calc(select=[w\$start AS starttime, w\$end AS endtime, num]);1|GroupAggregate(groupBy=[starttime, endtime], select=[starttime, endtime, MAX(num) AS maxn]);1|Calc(select=[maxn, starttime, endtime]);1|Join(joinType=[InnerJoin], where=[((starttime = starttime0) AND (endtime = endtime0) AND (num >= maxn))], select=[auction, num, starttime, endtime, maxn, starttime0, endtime0], leftInputSpec=[HasUniqueKey], rightInputSpec=[JoinKeyContainsUniqueKey]);1|Calc(select=[auction, num]);1|Sink: Sink(table=[default_catalog.default_database.discard_sink], fields=[auction, num]);1";19349da4a6b2e70d0608e0bc5162ee72;16;32768;8;1;1684310404000;30000;16;32;1;true;44;198771.05714285714;176873.54
"{'params': {'TPS': '100000000', 'EVENTS_NUM': '0', 'PERSON_PROPORTION': '1', 'AUCTION_PROPORTION': '3', 'BID_PROPORTION': '46', 'NEXMARK_TABLE': 'kafka', 'TOPIC': 'nexmark;nexmark-control', 'BOOTSTRAP_SERVERS': 'my-cluster-kafka-bootstrap.kafka:9092'}, 'notebook': '/xp_intro_q5_kafka_custom_ratelimit', 'timeout': 120}";"Calc(select=[bid.auction AS \$f0, PROCTIME() AS processingTime], where=[(event_type = 2)]);1|GroupWindowAggregate(groupBy=[\$f0], window=[SlidingGroupWindow('w\$, processingTime, 10000, 2000)], properties=[w\$start, w\$end, w\$proctime], select=[\$f0, COUNT(*) AS num, start('w\$) AS w\$start, end('w\$) AS w\$end, proctime('w\$) AS w\$proctime]);8|Calc(select=[\$f0 AS auction, num, w\$start AS starttime, w\$end AS endtime]);1|Calc(select=[w\$start AS starttime, w\$end AS endtime, num]);1|GroupAggregate(groupBy=[starttime, endtime], select=[starttime, endtime, MAX(num) AS maxn]);1|Calc(select=[maxn, starttime, endtime]);1|Join(joinType=[InnerJoin], where=[((starttime = starttime0) AND (endtime = endtime0) AND (num >= maxn))], select=[auction, num, starttime, endtime, maxn, starttime0, endtime0], leftInputSpec=[HasUniqueKey], rightInputSpec=[JoinKeyContainsUniqueKey]);1|Calc(select=[auction, num]);1|Sink: Sink(table=[default_catalog.default_database.discard_sink], fields=[auction, num]);1";f958e6a9e1a2cd854416a087f893e532;16;32768;8;-1;1684311513000;30000;16;32;1;true;48;366195.17142857146;353747.09
"{'params': {'TPS': '100000000', 'EVENTS_NUM': '0', 'PERSON_PROPORTION': '1', 'AUCTION_PROPORTION': '3', 'BID_PROPORTION': '46', 'NEXMARK_TABLE': 'kafka', 'TOPIC': 'nexmark;nexmark-control', 'BOOTSTRAP_SERVERS': 'my-cluster-kafka-bootstrap.kafka:9092'}, 'notebook': '/xp_intro_q5_kafka_custom_ratelimit', 'timeout': 120}";"Calc(select=[bid.auction AS \$f0, PROCTIME() AS processingTime], where=[(event_type = 2)]);1|GroupWindowAggregate(groupBy=[\$f0], window=[SlidingGroupWindow('w\$, processingTime, 10000, 2000)], properties=[w\$start, w\$end, w\$proctime], select=[\$f0, COUNT(*) AS num, start('w\$) AS w\$start, end('w\$) AS w\$end, proctime('w\$) AS w\$proctime]);8|Calc(select=[\$f0 AS auction, num, w\$start AS starttime, w\$end AS endtime]);1|Calc(select=[w\$start AS starttime, w\$end AS endtime, num]);1|GroupAggregate(groupBy=[starttime, endtime], select=[starttime, endtime, MAX(num) AS maxn]);1|Calc(select=[maxn, starttime, endtime]);1|Join(joinType=[InnerJoin], where=[((starttime = starttime0) AND (endtime = endtime0) AND (num >= maxn))], select=[auction, num, starttime, endtime, maxn, starttime0, endtime0], leftInputSpec=[HasUniqueKey], rightInputSpec=[JoinKeyContainsUniqueKey]);1|Calc(select=[auction, num]);1|Sink: Sink(table=[default_catalog.default_database.discard_sink], fields=[auction, num]);1";f7479338fa3699bce7d950899de86c33;16;32768;8;0;1684312600000;30000;16;32;1;true;48;346996.4;353747.09
"{'params': {'TPS': '100000000', 'EVENTS_NUM': '0', 'PERSON_PROPORTION': '1', 'AUCTION_PROPORTION': '3', 'BID_PROPORTION': '46', 'NEXMARK_TABLE': 'kafka', 'TOPIC': 'nexmark;nexmark-control', 'BOOTSTRAP_SERVERS': 'my-cluster-kafka-bootstrap.kafka:9092'}, 'notebook': '/xp_intro_q5_kafka_custom_ratelimit', 'timeout': 120}";"Calc(select=[bid.auction AS \$f0, PROCTIME() AS processingTime], where=[(event_type = 2)]);1|GroupWindowAggregate(groupBy=[\$f0], window=[SlidingGroupWindow('w\$, processingTime, 10000, 2000)], properties=[w\$start, w\$end, w\$proctime], select=[\$f0, COUNT(*) AS num, start('w\$) AS w\$start, end('w\$) AS w\$end, proctime('w\$) AS w\$proctime]);8|Calc(select=[\$f0 AS auction, num, w\$start AS starttime, w\$end AS endtime]);1|Calc(select=[w\$start AS starttime, w\$end AS endtime, num]);1|GroupAggregate(groupBy=[starttime, endtime], select=[starttime, endtime, MAX(num) AS maxn]);1|Calc(select=[maxn, starttime, endtime]);1|Join(joinType=[InnerJoin], where=[((starttime = starttime0) AND (endtime = endtime0) AND (num >= maxn))], select=[auction, num, starttime, endtime, maxn, starttime0, endtime0], leftInputSpec=[HasUniqueKey], rightInputSpec=[JoinKeyContainsUniqueKey]);1|Calc(select=[auction, num]);1|Sink: Sink(table=[default_catalog.default_database.discard_sink], fields=[auction, num]);1";328cdd75867cea3875a0cd709ac337ce;16;32768;8;1;1684313934000;30000;16;32;1;true;48;290861.9428571429;353747.09
"{'params': {'TPS': '100000000', 'EVENTS_NUM': '0', 'PERSON_PROPORTION': '1', 'AUCTION_PROPORTION': '3', 'BID_PROPORTION': '46', 'NEXMARK_TABLE': 'kafka', 'TOPIC': 'nexmark;nexmark-control', 'BOOTSTRAP_SERVERS': 'my-cluster-kafka-bootstrap.kafka:9092'}, 'notebook': '/xp_intro_q5_kafka_custom_ratelimit', 'timeout': 120}";"Calc(select=[bid.auction AS \$f0, PROCTIME() AS processingTime], where=[(event_type = 2)]);2|GroupWindowAggregate(groupBy=[\$f0], window=[SlidingGroupWindow('w\$, processingTime, 10000, 2000)], properties=[w\$start, w\$end, w\$proctime], select=[\$f0, COUNT(*) AS num, start('w\$) AS w\$start, end('w\$) AS w\$end, proctime('w\$) AS w\$proctime]);21|Calc(select=[\$f0 AS auction, num, w\$start AS starttime, w\$end AS endtime]);1|Calc(select=[w\$start AS starttime, w\$end AS endtime, num]);1|GroupAggregate(groupBy=[starttime, endtime], select=[starttime, endtime, MAX(num) AS maxn]);2|Calc(select=[maxn, starttime, endtime]);1|Join(joinType=[InnerJoin], where=[((starttime = starttime0) AND (endtime = endtime0) AND (num >= maxn))], select=[auction, num, starttime, endtime, maxn, starttime0, endtime0], leftInputSpec=[HasUniqueKey], rightInputSpec=[JoinKeyContainsUniqueKey]);2|Calc(select=[auction, num]);1|Sink: Sink(table=[default_catalog.default_database.discard_sink], fields=[auction, num]);1";5bac339d50c3dd44dc5dfc4f9a75074a;16;32768;8;-1;1684314820000;30000;16;32;1;true;64;810279.6857142857;928586.11
"{'params': {'TPS': '100000000', 'EVENTS_NUM': '0', 'PERSON_PROPORTION': '1', 'AUCTION_PROPORTION': '3', 'BID_PROPORTION': '46', 'NEXMARK_TABLE': 'kafka', 'TOPIC': 'nexmark;nexmark-control', 'BOOTSTRAP_SERVERS': 'my-cluster-kafka-bootstrap.kafka:9092'}, 'notebook': '/xp_intro_q5_kafka_custom_ratelimit', 'timeout': 120}";"Calc(select=[bid.auction AS \$f0, PROCTIME() AS processingTime], where=[(event_type = 2)]);2|GroupWindowAggregate(groupBy=[\$f0], window=[SlidingGroupWindow('w\$, processingTime, 10000, 2000)], properties=[w\$start, w\$end, w\$proctime], select=[\$f0, COUNT(*) AS num, start('w\$) AS w\$start, end('w\$) AS w\$end, proctime('w\$) AS w\$proctime]);21|Calc(select=[\$f0 AS auction, num, w\$start AS starttime, w\$end AS endtime]);1|Calc(select=[w\$start AS starttime, w\$end AS endtime, num]);1|GroupAggregate(groupBy=[starttime, endtime], select=[starttime, endtime, MAX(num) AS maxn]);2|Calc(select=[maxn, starttime, endtime]);1|Join(joinType=[InnerJoin], where=[((starttime = starttime0) AND (endtime = endtime0) AND (num >= maxn))], select=[auction, num, starttime, endtime, maxn, starttime0, endtime0], leftInputSpec=[HasUniqueKey], rightInputSpec=[JoinKeyContainsUniqueKey]);2|Calc(select=[auction, num]);1|Sink: Sink(table=[default_catalog.default_database.discard_sink], fields=[auction, num]);1";d7b448c8139a21eb4cb8a224c5fbed94;16;32768;8;0;1684316359000;30000;16;32;1;true;64;768326.9714285714;928586.11
"{'params': {'TPS': '100000000', 'EVENTS_NUM': '0', 'PERSON_PROPORTION': '1', 'AUCTION_PROPORTION': '3', 'BID_PROPORTION': '46', 'NEXMARK_TABLE': 'kafka', 'TOPIC': 'nexmark;nexmark-control', 'BOOTSTRAP_SERVERS': 'my-cluster-kafka-bootstrap.kafka:9092'}, 'notebook': '/xp_intro_q5_kafka_custom_ratelimit', 'timeout': 120}";"Calc(select=[bid.auction AS \$f0, PROCTIME() AS processingTime], where=[(event_type = 2)]);2|GroupWindowAggregate(groupBy=[\$f0], window=[SlidingGroupWindow('w\$, processingTime, 10000, 2000)], properties=[w\$start, w\$end, w\$proctime], select=[\$f0, COUNT(*) AS num, start('w\$) AS w\$start, end('w\$) AS w\$end, proctime('w\$) AS w\$proctime]);21|Calc(select=[\$f0 AS auction, num, w\$start AS starttime, w\$end AS endtime]);1|Calc(select=[w\$start AS starttime, w\$end AS endtime, num]);1|GroupAggregate(groupBy=[starttime, endtime], select=[starttime, endtime, MAX(num) AS maxn]);2|Calc(select=[maxn, starttime, endtime]);1|Join(joinType=[InnerJoin], where=[((starttime = starttime0) AND (endtime = endtime0) AND (num >= maxn))], select=[auction, num, starttime, endtime, maxn, starttime0, endtime0], leftInputSpec=[HasUniqueKey], rightInputSpec=[JoinKeyContainsUniqueKey]);2|Calc(select=[auction, num]);1|Sink: Sink(table=[default_catalog.default_database.discard_sink], fields=[auction, num]);1";42a53d029d086c8ba4941fb5fa0f108c;16;32768;8;1;1684317017000;30000;16;32;1;true;64;769572.9142857142;928586.11
"{'params': {'TPS': '100000000', 'EVENTS_NUM': '0', 'PERSON_PROPORTION': '1', 'AUCTION_PROPORTION': '3', 'BID_PROPORTION': '46', 'NEXMARK_TABLE': 'kafka', 'TOPIC': 'nexmark;nexmark-control', 'BOOTSTRAP_SERVERS': 'my-cluster-kafka-bootstrap.kafka:9092'}, 'notebook': '/xp_intro_q5_kafka_custom_ratelimit', 'timeout': 120}";"Calc(select=[bid.auction AS \$f0, PROCTIME() AS processingTime], where=[(event_type = 2)]);3|GroupWindowAggregate(groupBy=[\$f0], window=[SlidingGroupWindow('w\$, processingTime, 10000, 2000)], properties=[w\$start, w\$end, w\$proctime], select=[\$f0, COUNT(*) AS num, start('w\$) AS w\$start, end('w\$) AS w\$end, proctime('w\$) AS w\$proctime]);35|Calc(select=[\$f0 AS auction, num, w\$start AS starttime, w\$end AS endtime]);1|Calc(select=[w\$start AS starttime, w\$end AS endtime, num]);1|GroupAggregate(groupBy=[starttime, endtime], select=[starttime, endtime, MAX(num) AS maxn]);2|Calc(select=[maxn, starttime, endtime]);1|Join(joinType=[InnerJoin], where=[((starttime = starttime0) AND (endtime = endtime0) AND (num >= maxn))], select=[auction, num, starttime, endtime, maxn, starttime0, endtime0], leftInputSpec=[HasUniqueKey], rightInputSpec=[JoinKeyContainsUniqueKey]);3|Calc(select=[auction, num]);1|Sink: Sink(table=[default_catalog.default_database.discard_sink], fields=[auction, num]);1";d2bd37f15a8bbf07db09a66212341038;16;32768;8;-1;1684318418000;30000;16;32;1;true;80;924709.3254668348;1547643.5
"{'params': {'TPS': '100000000', 'EVENTS_NUM': '0', 'PERSON_PROPORTION': '1', 'AUCTION_PROPORTION': '3', 'BID_PROPORTION': '46', 'NEXMARK_TABLE': 'kafka', 'TOPIC': 'nexmark;nexmark-control', 'BOOTSTRAP_SERVERS': 'my-cluster-kafka-bootstrap.kafka:9092'}, 'notebook': '/xp_intro_q5_kafka_custom_ratelimit', 'timeout': 120}";"Calc(select=[bid.auction AS \$f0, PROCTIME() AS processingTime], where=[(event_type = 2)]);3|GroupWindowAggregate(groupBy=[\$f0], window=[SlidingGroupWindow('w\$, processingTime, 10000, 2000)], properties=[w\$start, w\$end, w\$proctime], select=[\$f0, COUNT(*) AS num, start('w\$) AS w\$start, end('w\$) AS w\$end, proctime('w\$) AS w\$proctime]);35|Calc(select=[\$f0 AS auction, num, w\$start AS starttime, w\$end AS endtime]);1|Calc(select=[w\$start AS starttime, w\$end AS endtime, num]);1|GroupAggregate(groupBy=[starttime, endtime], select=[starttime, endtime, MAX(num) AS maxn]);2|Calc(select=[maxn, starttime, endtime]);1|Join(joinType=[InnerJoin], where=[((starttime = starttime0) AND (endtime = endtime0) AND (num >= maxn))], select=[auction, num, starttime, endtime, maxn, starttime0, endtime0], leftInputSpec=[HasUniqueKey], rightInputSpec=[JoinKeyContainsUniqueKey]);3|Calc(select=[auction, num]);1|Sink: Sink(table=[default_catalog.default_database.discard_sink], fields=[auction, num]);1";3626421c24050f37b804be785fd61231;16;32768;8;0;1684319376000;30000;16;32;1;true;80;958712.2857142858;1547643.5
"{'params': {'TPS': '100000000', 'EVENTS_NUM': '0', 'PERSON_PROPORTION': '1', 'AUCTION_PROPORTION': '3', 'BID_PROPORTION': '46', 'NEXMARK_TABLE': 'kafka', 'TOPIC': 'nexmark;nexmark-control', 'BOOTSTRAP_SERVERS': 'my-cluster-kafka-bootstrap.kafka:9092'}, 'notebook': '/xp_intro_q5_kafka_custom_ratelimit', 'timeout': 120}";"Calc(select=[bid.auction AS \$f0, PROCTIME() AS processingTime], where=[(event_type = 2)]);3|GroupWindowAggregate(groupBy=[\$f0], window=[SlidingGroupWindow('w\$, processingTime, 10000, 2000)], properties=[w\$start, w\$end, w\$proctime], select=[\$f0, COUNT(*) AS num, start('w\$) AS w\$start, end('w\$) AS w\$end, proctime('w\$) AS w\$proctime]);35|Calc(select=[\$f0 AS auction, num, w\$start AS starttime, w\$end AS endtime]);1|Calc(select=[w\$start AS starttime, w\$end AS endtime, num]);1|GroupAggregate(groupBy=[starttime, endtime], select=[starttime, endtime, MAX(num) AS maxn]);2|Calc(select=[maxn, starttime, endtime]);1|Join(joinType=[InnerJoin], where=[((starttime = starttime0) AND (endtime = endtime0) AND (num >= maxn))], select=[auction, num, starttime, endtime, maxn, starttime0, endtime0], leftInputSpec=[HasUniqueKey], rightInputSpec=[JoinKeyContainsUniqueKey]);3|Calc(select=[auction, num]);1|Sink: Sink(table=[default_catalog.default_database.discard_sink], fields=[auction, num]);1";a6fe33a73702c8ff34b6af0fdf88f6e0;16;32768;8;1;1684320335000;30000;16;32;1;true;80;925408.6285714286;1547643.5
"{'params': {'TPS': '100000000', 'EVENTS_NUM': '0', 'PERSON_PROPORTION': '1', 'AUCTION_PROPORTION': '3', 'BID_PROPORTION': '46', 'NEXMARK_TABLE': 'kafka', 'TOPIC': 'nexmark;nexmark-control', 'BOOTSTRAP_SERVERS': 'my-cluster-kafka-bootstrap.kafka:9092'}, 'notebook': '/xp_intro_q5_kafka_custom_ratelimit', 'timeout': 120}";;f808279d671cbf273cfbd829ee046107;16;65536;8;-1;1684321295000;30000;16;32;1;true;44;51675.8;1547643.5
"{'params': {'TPS': '175431', 'EVENTS_NUM': '0', 'PERSON_PROPORTION': '1', 'AUCTION_PROPORTION': '3', 'BID_PROPORTION': '46', 'NEXMARK_TABLE': 'kafka', 'TOPIC': 'nexmark;nexmark-control', 'BOOTSTRAP_SERVERS': 'my-cluster-kafka-bootstrap.kafka:9092'}, 'notebook': '/xp_intro_q5_kafka_custom_ratelimit', 'timeout': 600}";"Calc(select=[bid.auction AS \$f0, PROCTIME() AS processingTime], where=[(event_type = 2)]);1|GroupWindowAggregate(groupBy=[\$f0], window=[SlidingGroupWindow('w\$, processingTime, 10000, 2000)], properties=[w\$start, w\$end, w\$proctime], select=[\$f0, COUNT(*) AS num, start('w\$) AS w\$start, end('w\$) AS w\$end, proctime('w\$) AS w\$proctime]);4|Calc(select=[\$f0 AS auction, num, w\$start AS starttime, w\$end AS endtime]);1|Calc(select=[w\$start AS starttime, w\$end AS endtime, num]);1|GroupAggregate(groupBy=[starttime, endtime], select=[starttime, endtime, MAX(num) AS maxn]);1|Calc(select=[maxn, starttime, endtime]);1|Join(joinType=[InnerJoin], where=[((starttime = starttime0) AND (endtime = endtime0) AND (num >= maxn))], select=[auction, num, starttime, endtime, maxn, starttime0, endtime0], leftInputSpec=[HasUniqueKey], rightInputSpec=[JoinKeyContainsUniqueKey]);1|Calc(select=[auction, num]);1|Sink: Sink(table=[default_catalog.default_database.discard_sink], fields=[auction, num]);1";9630b3756a835c2775db36e7cde52dee;16;65536;8;0;1684322253000;30000;16;32;1;true;44;199558.97142857144;175431.46
