"{'params': {'TPS': '100000000', 'EVENTS_NUM': '0', 'PERSON_PROPORTION': '1', 'AUCTION_PROPORTION': '3', 'BID_PROPORTION': '46', 'NEXMARK_TABLE': 'kafka', 'TOPIC': 'nexmark;nexmark-control', 'BOOTSTRAP_SERVERS': 'my-cluster-kafka-bootstrap.kafka:9092'}, 'notebook': '/xp_intro_q2_kafka_custom_ratelimit', 'timeout': 120}";;3f04e341a5bd5d5e1dd58b154877a1f0;16;8192;8;-1;1682143169000;30000;16;64;1;true;67;3895955.9361395068;0
"{'params': {'TPS': '8004214', 'EVENTS_NUM': '0', 'PERSON_PROPORTION': '1', 'AUCTION_PROPORTION': '3', 'BID_PROPORTION': '46', 'NEXMARK_TABLE': 'kafka', 'TOPIC': 'nexmark;nexmark-control', 'BOOTSTRAP_SERVERS': 'my-cluster-kafka-bootstrap.kafka:9092'}, 'notebook': '/xp_intro_q2_kafka_custom_ratelimit', 'timeout': 600}";"Calc(select=[bid.auction AS auction, bid.price AS price], where=[((event_type = 2) AND (MOD(bid.auction, 123) = 0))]);2|Sink: Sink(table=[default_catalog.default_database.discard_sink], fields=[auction, price]);1";4d8872c0f8e6ab7e52abd32ec2d0727f;16;8192;8;0;1682143869000;30000;16;64;1;true;67;638252.6571428571;8004214.8
"{'params': {'TPS': '8004214', 'EVENTS_NUM': '0', 'PERSON_PROPORTION': '1', 'AUCTION_PROPORTION': '3', 'BID_PROPORTION': '46', 'NEXMARK_TABLE': 'kafka', 'TOPIC': 'nexmark;nexmark-control', 'BOOTSTRAP_SERVERS': 'my-cluster-kafka-bootstrap.kafka:9092'}, 'notebook': '/xp_intro_q2_kafka_custom_ratelimit', 'timeout': 600}";"Calc(select=[bid.auction AS auction, bid.price AS price], where=[((event_type = 2) AND (MOD(bid.auction, 123) = 0))]);2|Sink: Sink(table=[default_catalog.default_database.discard_sink], fields=[auction, price]);1";c6a81407234ffa608817def8183f73df;16;8192;8;1;1682144494000;30000;16;64;1;true;67;7245762.514285715;8004214.8
"{'params': {'TPS': '100000000', 'EVENTS_NUM': '0', 'PERSON_PROPORTION': '1', 'AUCTION_PROPORTION': '3', 'BID_PROPORTION': '46', 'NEXMARK_TABLE': 'kafka', 'TOPIC': 'nexmark;nexmark-control', 'BOOTSTRAP_SERVERS': 'my-cluster-kafka-bootstrap.kafka:9092'}, 'notebook': '/xp_intro_q2_kafka_custom_ratelimit', 'timeout': 120}";"Calc(select=[bid.auction AS auction, bid.price AS price], where=[((event_type = 2) AND (MOD(bid.auction, 123) = 0))]);3|Sink: Sink(table=[default_catalog.default_database.discard_sink], fields=[auction, price]);1";a2bd7122d254fc021bc60fcde4fb1f73;16;8192;8;-1;1682144896000;30000;16;64;1;true;68;10939888.514285713;12006322.0
"{'params': {'TPS': '100000000', 'EVENTS_NUM': '0', 'PERSON_PROPORTION': '1', 'AUCTION_PROPORTION': '3', 'BID_PROPORTION': '46', 'NEXMARK_TABLE': 'kafka', 'TOPIC': 'nexmark;nexmark-control', 'BOOTSTRAP_SERVERS': 'my-cluster-kafka-bootstrap.kafka:9092'}, 'notebook': '/xp_intro_q2_kafka_custom_ratelimit', 'timeout': 120}";"Calc(select=[bid.auction AS auction, bid.price AS price], where=[((event_type = 2) AND (MOD(bid.auction, 123) = 0))]);3|Sink: Sink(table=[default_catalog.default_database.discard_sink], fields=[auction, price]);1";84ea11c1d3fff34f3c379016bec5d15e;16;8192;8;0;1682145971000;30000;16;64;1;true;68;10552424.37142857;12006322.0
"{'params': {'TPS': '100000000', 'EVENTS_NUM': '0', 'PERSON_PROPORTION': '1', 'AUCTION_PROPORTION': '3', 'BID_PROPORTION': '46', 'NEXMARK_TABLE': 'kafka', 'TOPIC': 'nexmark;nexmark-control', 'BOOTSTRAP_SERVERS': 'my-cluster-kafka-bootstrap.kafka:9092'}, 'notebook': '/xp_intro_q2_kafka_custom_ratelimit', 'timeout': 120}";"Calc(select=[bid.auction AS auction, bid.price AS price], where=[((event_type = 2) AND (MOD(bid.auction, 123) = 0))]);3|Sink: Sink(table=[default_catalog.default_database.discard_sink], fields=[auction, price]);1";66d381f5faf3780057f2aea213e52f33;16;8192;8;1;1682146747000;30000;16;64;1;true;68;10398639.885714287;12006322.0
"{'params': {'TPS': '100000000', 'EVENTS_NUM': '0', 'PERSON_PROPORTION': '1', 'AUCTION_PROPORTION': '3', 'BID_PROPORTION': '46', 'NEXMARK_TABLE': 'kafka', 'TOPIC': 'nexmark;nexmark-control', 'BOOTSTRAP_SERVERS': 'my-cluster-kafka-bootstrap.kafka:9092'}, 'notebook': '/xp_intro_q2_kafka_custom_ratelimit', 'timeout': 120}";"Calc(select=[bid.auction AS auction, bid.price AS price], where=[((event_type = 2) AND (MOD(bid.auction, 123) = 0))]);4|Sink: Sink(table=[default_catalog.default_database.discard_sink], fields=[auction, price]);1";ce9cc041c887569c9948054c132ef45e;16;8192;8;-1;1682147375000;30000;16;64;1;true;69;13223370.514285713;16008430.0
"{'params': {'TPS': '100000000', 'EVENTS_NUM': '0', 'PERSON_PROPORTION': '1', 'AUCTION_PROPORTION': '3', 'BID_PROPORTION': '46', 'NEXMARK_TABLE': 'kafka', 'TOPIC': 'nexmark;nexmark-control', 'BOOTSTRAP_SERVERS': 'my-cluster-kafka-bootstrap.kafka:9092'}, 'notebook': '/xp_intro_q2_kafka_custom_ratelimit', 'timeout': 120}";"Calc(select=[bid.auction AS auction, bid.price AS price], where=[((event_type = 2) AND (MOD(bid.auction, 123) = 0))]);4|Sink: Sink(table=[default_catalog.default_database.discard_sink], fields=[auction, price]);1";9b5cd8137f22a4ee216e10ed3fce3f5e;16;8192;8;0;1682148226000;30000;16;64;1;true;69;637771.2285714286;16008430.0
"{'params': {'TPS': '100000000', 'EVENTS_NUM': '0', 'PERSON_PROPORTION': '1', 'AUCTION_PROPORTION': '3', 'BID_PROPORTION': '46', 'NEXMARK_TABLE': 'kafka', 'TOPIC': 'nexmark;nexmark-control', 'BOOTSTRAP_SERVERS': 'my-cluster-kafka-bootstrap.kafka:9092'}, 'notebook': '/xp_intro_q2_kafka_custom_ratelimit', 'timeout': 120}";"Calc(select=[bid.auction AS auction, bid.price AS price], where=[((event_type = 2) AND (MOD(bid.auction, 123) = 0))]);4|Sink: Sink(table=[default_catalog.default_database.discard_sink], fields=[auction, price]);1";f9981f3a162d8e463486ee71fc9a109d;16;8192;8;1;1682148927000;30000;16;64;1;true;69;14229289.485714285;16008430.0
"{'params': {'TPS': '100000000', 'EVENTS_NUM': '0', 'PERSON_PROPORTION': '1', 'AUCTION_PROPORTION': '3', 'BID_PROPORTION': '46', 'NEXMARK_TABLE': 'kafka', 'TOPIC': 'nexmark;nexmark-control', 'BOOTSTRAP_SERVERS': 'my-cluster-kafka-bootstrap.kafka:9092'}, 'notebook': '/xp_intro_q2_kafka_custom_ratelimit', 'timeout': 120}";"Calc(select=[bid.auction AS auction, bid.price AS price], where=[((event_type = 2) AND (MOD(bid.auction, 123) = 0))]);5|Sink: Sink(table=[default_catalog.default_database.discard_sink], fields=[auction, price]);1";502c56402f9af9d94738e2a192998f9e;16;8192;8;-1;1682149479000;30000;16;64;1;true;70;14326371.114285713;20010537.0
"{'params': {'TPS': '100000000', 'EVENTS_NUM': '0', 'PERSON_PROPORTION': '1', 'AUCTION_PROPORTION': '3', 'BID_PROPORTION': '46', 'NEXMARK_TABLE': 'kafka', 'TOPIC': 'nexmark;nexmark-control', 'BOOTSTRAP_SERVERS': 'my-cluster-kafka-bootstrap.kafka:9092'}, 'notebook': '/xp_intro_q2_kafka_custom_ratelimit', 'timeout': 120}";"Calc(select=[bid.auction AS auction, bid.price AS price], where=[((event_type = 2) AND (MOD(bid.auction, 123) = 0))]);5|Sink: Sink(table=[default_catalog.default_database.discard_sink], fields=[auction, price]);1";71b732b9b705172826ab30da2ea25139;16;8192;8;0;1682150255000;30000;16;64;1;true;70;15828724.000000002;20010537.0
"{'params': {'TPS': '100000000', 'EVENTS_NUM': '0', 'PERSON_PROPORTION': '1', 'AUCTION_PROPORTION': '3', 'BID_PROPORTION': '46', 'NEXMARK_TABLE': 'kafka', 'TOPIC': 'nexmark;nexmark-control', 'BOOTSTRAP_SERVERS': 'my-cluster-kafka-bootstrap.kafka:9092'}, 'notebook': '/xp_intro_q2_kafka_custom_ratelimit', 'timeout': 120}";"Calc(select=[bid.auction AS auction, bid.price AS price], where=[((event_type = 2) AND (MOD(bid.auction, 123) = 0))]);5|Sink: Sink(table=[default_catalog.default_database.discard_sink], fields=[auction, price]);1";612bda4b8df7fe8240be34f0f34d00a2;16;8192;8;1;1682150656000;30000;16;64;1;true;70;15078778.514285715;20010537.0
"{'params': {'TPS': '100000000', 'EVENTS_NUM': '0', 'PERSON_PROPORTION': '1', 'AUCTION_PROPORTION': '3', 'BID_PROPORTION': '46', 'NEXMARK_TABLE': 'kafka', 'TOPIC': 'nexmark;nexmark-control', 'BOOTSTRAP_SERVERS': 'my-cluster-kafka-bootstrap.kafka:9092'}, 'notebook': '/xp_intro_q2_kafka_custom_ratelimit', 'timeout': 120}";;4fc9e3291527dd4b1dc058b69e342db3;16;16384;8;-1;1682151883000;30000;16;64;1;true;67;3920893.314285714;20010537.0
"{'params': {'TPS': '7909103', 'EVENTS_NUM': '0', 'PERSON_PROPORTION': '1', 'AUCTION_PROPORTION': '3', 'BID_PROPORTION': '46', 'NEXMARK_TABLE': 'kafka', 'TOPIC': 'nexmark;nexmark-control', 'BOOTSTRAP_SERVERS': 'my-cluster-kafka-bootstrap.kafka:9092'}, 'notebook': '/xp_intro_q2_kafka_custom_ratelimit', 'timeout': 600}";"Calc(select=[bid.auction AS auction, bid.price AS price], where=[((event_type = 2) AND (MOD(bid.auction, 123) = 0))]);2|Sink: Sink(table=[default_catalog.default_database.discard_sink], fields=[auction, price]);1";0b066d2b4a888f0a95653047303ec4e2;16;16384;8;0;1682152585000;30000;16;64;1;true;67;7064588.828571429;7909103.3
"{'params': {'TPS': '7909103', 'EVENTS_NUM': '0', 'PERSON_PROPORTION': '1', 'AUCTION_PROPORTION': '3', 'BID_PROPORTION': '46', 'NEXMARK_TABLE': 'kafka', 'TOPIC': 'nexmark;nexmark-control', 'BOOTSTRAP_SERVERS': 'my-cluster-kafka-bootstrap.kafka:9092'}, 'notebook': '/xp_intro_q2_kafka_custom_ratelimit', 'timeout': 600}";"Calc(select=[bid.auction AS auction, bid.price AS price], where=[((event_type = 2) AND (MOD(bid.auction, 123) = 0))]);2|Sink: Sink(table=[default_catalog.default_database.discard_sink], fields=[auction, price]);1";bd9f5601c39c8028a7823b52eb980fa1;16;16384;8;1;1682152834000;30000;16;64;1;true;67;7651819.371428571;7909103.3
"{'params': {'TPS': '100000000', 'EVENTS_NUM': '0', 'PERSON_PROPORTION': '1', 'AUCTION_PROPORTION': '3', 'BID_PROPORTION': '46', 'NEXMARK_TABLE': 'kafka', 'TOPIC': 'nexmark;nexmark-control', 'BOOTSTRAP_SERVERS': 'my-cluster-kafka-bootstrap.kafka:9092'}, 'notebook': '/xp_intro_q2_kafka_custom_ratelimit', 'timeout': 120}";"Calc(select=[bid.auction AS auction, bid.price AS price], where=[((event_type = 2) AND (MOD(bid.auction, 123) = 0))]);3|Sink: Sink(table=[default_catalog.default_database.discard_sink], fields=[auction, price]);1";6e917523dbcf9a7fce2280aa923ee282;16;16384;8;-1;1682154061000;30000;16;64;1;true;68;637021.8571428572;11863655.0
"{'params': {'TPS': '100000000', 'EVENTS_NUM': '0', 'PERSON_PROPORTION': '1', 'AUCTION_PROPORTION': '3', 'BID_PROPORTION': '46', 'NEXMARK_TABLE': 'kafka', 'TOPIC': 'nexmark;nexmark-control', 'BOOTSTRAP_SERVERS': 'my-cluster-kafka-bootstrap.kafka:9092'}, 'notebook': '/xp_intro_q2_kafka_custom_ratelimit', 'timeout': 120}";"Calc(select=[bid.auction AS auction, bid.price AS price], where=[((event_type = 2) AND (MOD(bid.auction, 123) = 0))]);3|Sink: Sink(table=[default_catalog.default_database.discard_sink], fields=[auction, price]);1";5678e9a83283ed9eb275e1f243353259;16;16384;8;0;1682154687000;30000;16;64;1;true;68;11343463.485714287;11863655.0
"{'params': {'TPS': '100000000', 'EVENTS_NUM': '0', 'PERSON_PROPORTION': '1', 'AUCTION_PROPORTION': '3', 'BID_PROPORTION': '46', 'NEXMARK_TABLE': 'kafka', 'TOPIC': 'nexmark;nexmark-control', 'BOOTSTRAP_SERVERS': 'my-cluster-kafka-bootstrap.kafka:9092'}, 'notebook': '/xp_intro_q2_kafka_custom_ratelimit', 'timeout': 120}";"Calc(select=[bid.auction AS auction, bid.price AS price], where=[((event_type = 2) AND (MOD(bid.auction, 123) = 0))]);3|Sink: Sink(table=[default_catalog.default_database.discard_sink], fields=[auction, price]);1";3e17322b255f1d9e9a400cacfa2305c7;16;16384;8;1;1682155013000;30000;16;64;1;true;68;11131857.257142857;11863655.0
"{'params': {'TPS': '100000000', 'EVENTS_NUM': '0', 'PERSON_PROPORTION': '1', 'AUCTION_PROPORTION': '3', 'BID_PROPORTION': '46', 'NEXMARK_TABLE': 'kafka', 'TOPIC': 'nexmark;nexmark-control', 'BOOTSTRAP_SERVERS': 'my-cluster-kafka-bootstrap.kafka:9092'}, 'notebook': '/xp_intro_q2_kafka_custom_ratelimit', 'timeout': 120}";"Calc(select=[bid.auction AS auction, bid.price AS price], where=[((event_type = 2) AND (MOD(bid.auction, 123) = 0))]);4|Sink: Sink(table=[default_catalog.default_database.discard_sink], fields=[auction, price]);1";167571796cd4c7ad13bbc41ba1a0d2f5;16;16384;8;-1;1682156165000;30000;16;64;1;true;69;14138169.742857143;15818207.0
"{'params': {'TPS': '100000000', 'EVENTS_NUM': '0', 'PERSON_PROPORTION': '1', 'AUCTION_PROPORTION': '3', 'BID_PROPORTION': '46', 'NEXMARK_TABLE': 'kafka', 'TOPIC': 'nexmark;nexmark-control', 'BOOTSTRAP_SERVERS': 'my-cluster-kafka-bootstrap.kafka:9092'}, 'notebook': '/xp_intro_q2_kafka_custom_ratelimit', 'timeout': 120}";"Calc(select=[bid.auction AS auction, bid.price AS price], where=[((event_type = 2) AND (MOD(bid.auction, 123) = 0))]);4|Sink: Sink(table=[default_catalog.default_database.discard_sink], fields=[auction, price]);1";5957c8bb1311227d0aa6056935a3143d;16;16384;8;0;1682156489000;30000;16;64;1;true;69;13901021.457142858;15818207.0
"{'params': {'TPS': '100000000', 'EVENTS_NUM': '0', 'PERSON_PROPORTION': '1', 'AUCTION_PROPORTION': '3', 'BID_PROPORTION': '46', 'NEXMARK_TABLE': 'kafka', 'TOPIC': 'nexmark;nexmark-control', 'BOOTSTRAP_SERVERS': 'my-cluster-kafka-bootstrap.kafka:9092'}, 'notebook': '/xp_intro_q2_kafka_custom_ratelimit', 'timeout': 120}";"Calc(select=[bid.auction AS auction, bid.price AS price], where=[((event_type = 2) AND (MOD(bid.auction, 123) = 0))]);4|Sink: Sink(table=[default_catalog.default_database.discard_sink], fields=[auction, price]);1";ea122fd50e64511d0079ec0b9975e0b9;16;16384;8;1;1682157641000;30000;16;64;1;true;69;12473614.885714289;15818207.0
"{'params': {'TPS': '100000000', 'EVENTS_NUM': '0', 'PERSON_PROPORTION': '1', 'AUCTION_PROPORTION': '3', 'BID_PROPORTION': '46', 'NEXMARK_TABLE': 'kafka', 'TOPIC': 'nexmark;nexmark-control', 'BOOTSTRAP_SERVERS': 'my-cluster-kafka-bootstrap.kafka:9092'}, 'notebook': '/xp_intro_q2_kafka_custom_ratelimit', 'timeout': 120}";"Calc(select=[bid.auction AS auction, bid.price AS price], where=[((event_type = 2) AND (MOD(bid.auction, 123) = 0))]);5|Sink: Sink(table=[default_catalog.default_database.discard_sink], fields=[auction, price]);1";221fec32cca350d05f48d08830066e17;16;16384;8;-1;1682158268000;30000;16;64;1;true;70;17438850.914285716;19772758.0
"{'params': {'TPS': '100000000', 'EVENTS_NUM': '0', 'PERSON_PROPORTION': '1', 'AUCTION_PROPORTION': '3', 'BID_PROPORTION': '46', 'NEXMARK_TABLE': 'kafka', 'TOPIC': 'nexmark;nexmark-control', 'BOOTSTRAP_SERVERS': 'my-cluster-kafka-bootstrap.kafka:9092'}, 'notebook': '/xp_intro_q2_kafka_custom_ratelimit', 'timeout': 120}";"Calc(select=[bid.auction AS auction, bid.price AS price], where=[((event_type = 2) AND (MOD(bid.auction, 123) = 0))]);5|Sink: Sink(table=[default_catalog.default_database.discard_sink], fields=[auction, price]);1";d59585544eadefba96db4d8b1f0206ab;16;16384;8;0;1682159044000;30000;16;64;1;true;70;17054261.114285715;19772758.0
"{'params': {'TPS': '100000000', 'EVENTS_NUM': '0', 'PERSON_PROPORTION': '1', 'AUCTION_PROPORTION': '3', 'BID_PROPORTION': '46', 'NEXMARK_TABLE': 'kafka', 'TOPIC': 'nexmark;nexmark-control', 'BOOTSTRAP_SERVERS': 'my-cluster-kafka-bootstrap.kafka:9092'}, 'notebook': '/xp_intro_q2_kafka_custom_ratelimit', 'timeout': 120}";"Calc(select=[bid.auction AS auction, bid.price AS price], where=[((event_type = 2) AND (MOD(bid.auction, 123) = 0))]);5|Sink: Sink(table=[default_catalog.default_database.discard_sink], fields=[auction, price]);1";862eca5ddecdb5d5eeb89475f4f724ce;16;16384;8;1;1682159670000;30000;16;64;1;true;70;17670479.942857143;19772758.0
"{'params': {'TPS': '100000000', 'EVENTS_NUM': '0', 'PERSON_PROPORTION': '1', 'AUCTION_PROPORTION': '3', 'BID_PROPORTION': '46', 'NEXMARK_TABLE': 'kafka', 'TOPIC': 'nexmark;nexmark-control', 'BOOTSTRAP_SERVERS': 'my-cluster-kafka-bootstrap.kafka:9092'}, 'notebook': '/xp_intro_q2_kafka_custom_ratelimit', 'timeout': 120}";;98dffbb3016275d19899e2a246800701;16;32768;8;-1;1682160147000;30000;16;64;1;true;67;4165365.142857143;19772758.0
"{'params': {'TPS': '8447489', 'EVENTS_NUM': '0', 'PERSON_PROPORTION': '1', 'AUCTION_PROPORTION': '3', 'BID_PROPORTION': '46', 'NEXMARK_TABLE': 'kafka', 'TOPIC': 'nexmark;nexmark-control', 'BOOTSTRAP_SERVERS': 'my-cluster-kafka-bootstrap.kafka:9092'}, 'notebook': '/xp_intro_q2_kafka_custom_ratelimit', 'timeout': 600}";"Calc(select=[bid.auction AS auction, bid.price AS price], where=[((event_type = 2) AND (MOD(bid.auction, 123) = 0))]);2|Sink: Sink(table=[default_catalog.default_database.discard_sink], fields=[auction, price]);1";2c21663017ea70e6e6ebee8e9c2f237e;16;32768;8;0;1682160847000;30000;16;64;1;true;67;7351940.085714286;8447489.0
"{'params': {'TPS': '8447489', 'EVENTS_NUM': '0', 'PERSON_PROPORTION': '1', 'AUCTION_PROPORTION': '3', 'BID_PROPORTION': '46', 'NEXMARK_TABLE': 'kafka', 'TOPIC': 'nexmark;nexmark-control', 'BOOTSTRAP_SERVERS': 'my-cluster-kafka-bootstrap.kafka:9092'}, 'notebook': '/xp_intro_q2_kafka_custom_ratelimit', 'timeout': 600}";"Calc(select=[bid.auction AS auction, bid.price AS price], where=[((event_type = 2) AND (MOD(bid.auction, 123) = 0))]);2|Sink: Sink(table=[default_catalog.default_database.discard_sink], fields=[auction, price]);1";34ceb9962dd35907b8aa948fbd6882ac;16;32768;8;1;1682161998000;30000;16;64;1;true;67;7304263.371428572;8447489.0
"{'params': {'TPS': '100000000', 'EVENTS_NUM': '0', 'PERSON_PROPORTION': '1', 'AUCTION_PROPORTION': '3', 'BID_PROPORTION': '46', 'NEXMARK_TABLE': 'kafka', 'TOPIC': 'nexmark;nexmark-control', 'BOOTSTRAP_SERVERS': 'my-cluster-kafka-bootstrap.kafka:9092'}, 'notebook': '/xp_intro_q2_kafka_custom_ratelimit', 'timeout': 120}";"Calc(select=[bid.auction AS auction, bid.price AS price], where=[((event_type = 2) AND (MOD(bid.auction, 123) = 0))]);3|Sink: Sink(table=[default_catalog.default_database.discard_sink], fields=[auction, price]);1";4486e248dbfbf0e953a846c5b9ad3ec7;16;32768;8;-1;1682162325000;30000;16;64;1;true;68;11949741.828571428;12671233.0
"{'params': {'TPS': '100000000', 'EVENTS_NUM': '0', 'PERSON_PROPORTION': '1', 'AUCTION_PROPORTION': '3', 'BID_PROPORTION': '46', 'NEXMARK_TABLE': 'kafka', 'TOPIC': 'nexmark;nexmark-control', 'BOOTSTRAP_SERVERS': 'my-cluster-kafka-bootstrap.kafka:9092'}, 'notebook': '/xp_intro_q2_kafka_custom_ratelimit', 'timeout': 120}";"Calc(select=[bid.auction AS auction, bid.price AS price], where=[((event_type = 2) AND (MOD(bid.auction, 123) = 0))]);3|Sink: Sink(table=[default_catalog.default_database.discard_sink], fields=[auction, price]);1";899dc4a5fda4d748429501fd4f158279;16;32768;8;0;1682163477000;30000;16;64;1;true;68;11447081.342857143;12671233.0
"{'params': {'TPS': '100000000', 'EVENTS_NUM': '0', 'PERSON_PROPORTION': '1', 'AUCTION_PROPORTION': '3', 'BID_PROPORTION': '46', 'NEXMARK_TABLE': 'kafka', 'TOPIC': 'nexmark;nexmark-control', 'BOOTSTRAP_SERVERS': 'my-cluster-kafka-bootstrap.kafka:9092'}, 'notebook': '/xp_intro_q2_kafka_custom_ratelimit', 'timeout': 120}";"Calc(select=[bid.auction AS auction, bid.price AS price], where=[((event_type = 2) AND (MOD(bid.auction, 123) = 0))]);3|Sink: Sink(table=[default_catalog.default_database.discard_sink], fields=[auction, price]);1";f00f43c31cd4374b4ce8708c08de9f87;16;32768;8;1;1682164178000;30000;16;64;1;true;68;10470626.57142857;12671233.0
"{'params': {'TPS': '100000000', 'EVENTS_NUM': '0', 'PERSON_PROPORTION': '1', 'AUCTION_PROPORTION': '3', 'BID_PROPORTION': '46', 'NEXMARK_TABLE': 'kafka', 'TOPIC': 'nexmark;nexmark-control', 'BOOTSTRAP_SERVERS': 'my-cluster-kafka-bootstrap.kafka:9092'}, 'notebook': '/xp_intro_q2_kafka_custom_ratelimit', 'timeout': 120}";"Calc(select=[bid.auction AS auction, bid.price AS price], where=[((event_type = 2) AND (MOD(bid.auction, 123) = 0))]);4|Sink: Sink(table=[default_catalog.default_database.discard_sink], fields=[auction, price]);1";e771d96de7cd46a6b2ce397eb31d4594;16;32768;8;-1;1682164504000;30000;16;64;1;true;69;15675656.82857143;16894978.0
"{'params': {'TPS': '100000000', 'EVENTS_NUM': '0', 'PERSON_PROPORTION': '1', 'AUCTION_PROPORTION': '3', 'BID_PROPORTION': '46', 'NEXMARK_TABLE': 'kafka', 'TOPIC': 'nexmark;nexmark-control', 'BOOTSTRAP_SERVERS': 'my-cluster-kafka-bootstrap.kafka:9092'}, 'notebook': '/xp_intro_q2_kafka_custom_ratelimit', 'timeout': 120}";"Calc(select=[bid.auction AS auction, bid.price AS price], where=[((event_type = 2) AND (MOD(bid.auction, 123) = 0))]);4|Sink: Sink(table=[default_catalog.default_database.discard_sink], fields=[auction, price]);1";620644b577b39b35a57df0c0b9394366;16;32768;8;0;1682165655000;30000;16;64;1;true;69;15025402.457142858;16894978.0
"{'params': {'TPS': '100000000', 'EVENTS_NUM': '0', 'PERSON_PROPORTION': '1', 'AUCTION_PROPORTION': '3', 'BID_PROPORTION': '46', 'NEXMARK_TABLE': 'kafka', 'TOPIC': 'nexmark;nexmark-control', 'BOOTSTRAP_SERVERS': 'my-cluster-kafka-bootstrap.kafka:9092'}, 'notebook': '/xp_intro_q2_kafka_custom_ratelimit', 'timeout': 120}";"Calc(select=[bid.auction AS auction, bid.price AS price], where=[((event_type = 2) AND (MOD(bid.auction, 123) = 0))]);4|Sink: Sink(table=[default_catalog.default_database.discard_sink], fields=[auction, price]);1";722443bd065b544de83bd95287575c33;16;32768;8;1;1682166281000;30000;16;64;1;true;69;14784072.742857145;16894978.0
"{'params': {'TPS': '100000000', 'EVENTS_NUM': '0', 'PERSON_PROPORTION': '1', 'AUCTION_PROPORTION': '3', 'BID_PROPORTION': '46', 'NEXMARK_TABLE': 'kafka', 'TOPIC': 'nexmark;nexmark-control', 'BOOTSTRAP_SERVERS': 'my-cluster-kafka-bootstrap.kafka:9092'}, 'notebook': '/xp_intro_q2_kafka_custom_ratelimit', 'timeout': 120}";"Calc(select=[bid.auction AS auction, bid.price AS price], where=[((event_type = 2) AND (MOD(bid.auction, 123) = 0))]);5|Sink: Sink(table=[default_catalog.default_database.discard_sink], fields=[auction, price]);1";e8243f498cf2dcf6a064c5d60661b396;16;32768;8;-1;1682167059000;30000;16;64;1;true;70;18398895.400000002;21118722.0
"{'params': {'TPS': '100000000', 'EVENTS_NUM': '0', 'PERSON_PROPORTION': '1', 'AUCTION_PROPORTION': '3', 'BID_PROPORTION': '46', 'NEXMARK_TABLE': 'kafka', 'TOPIC': 'nexmark;nexmark-control', 'BOOTSTRAP_SERVERS': 'my-cluster-kafka-bootstrap.kafka:9092'}, 'notebook': '/xp_intro_q2_kafka_custom_ratelimit', 'timeout': 120}";"Calc(select=[bid.auction AS auction, bid.price AS price], where=[((event_type = 2) AND (MOD(bid.auction, 123) = 0))]);5|Sink: Sink(table=[default_catalog.default_database.discard_sink], fields=[auction, price]);1";3e75b191c4461ea2972d24a6102e9b19;16;32768;8;0;1682167685000;30000;16;64;1;true;70;16866530.42857143;21118722.0
"{'params': {'TPS': '100000000', 'EVENTS_NUM': '0', 'PERSON_PROPORTION': '1', 'AUCTION_PROPORTION': '3', 'BID_PROPORTION': '46', 'NEXMARK_TABLE': 'kafka', 'TOPIC': 'nexmark;nexmark-control', 'BOOTSTRAP_SERVERS': 'my-cluster-kafka-bootstrap.kafka:9092'}, 'notebook': '/xp_intro_q2_kafka_custom_ratelimit', 'timeout': 120}";"Calc(select=[bid.auction AS auction, bid.price AS price], where=[((event_type = 2) AND (MOD(bid.auction, 123) = 0))]);5|Sink: Sink(table=[default_catalog.default_database.discard_sink], fields=[auction, price]);1";223bc189922db8e51b1907cf80248f7b;16;32768;8;1;1682168461000;30000;16;64;1;true;70;15355607.342857141;21118722.0
"{'params': {'TPS': '100000000', 'EVENTS_NUM': '0', 'PERSON_PROPORTION': '1', 'AUCTION_PROPORTION': '3', 'BID_PROPORTION': '46', 'NEXMARK_TABLE': 'kafka', 'TOPIC': 'nexmark;nexmark-control', 'BOOTSTRAP_SERVERS': 'my-cluster-kafka-bootstrap.kafka:9092'}, 'notebook': '/xp_intro_q2_kafka_custom_ratelimit', 'timeout': 120}";;cecbe87a5fd2ec02b3286e3e650b414b;16;65536;8;-1;1682168862000;30000;16;64;1;true;67;3753785.6285714284;21118722.0
"{'params': {'TPS': '7491823', 'EVENTS_NUM': '0', 'PERSON_PROPORTION': '1', 'AUCTION_PROPORTION': '3', 'BID_PROPORTION': '46', 'NEXMARK_TABLE': 'kafka', 'TOPIC': 'nexmark;nexmark-control', 'BOOTSTRAP_SERVERS': 'my-cluster-kafka-bootstrap.kafka:9092'}, 'notebook': '/xp_intro_q2_kafka_custom_ratelimit', 'timeout': 600}";"Calc(select=[bid.auction AS auction, bid.price AS price], where=[((event_type = 2) AND (MOD(bid.auction, 123) = 0))]);2|Sink: Sink(table=[default_catalog.default_database.discard_sink], fields=[auction, price]);1";d0a5a096324c5cb6e5cd48b5f967832c;16;65536;8;0;1682170014000;30000;16;64;1;true;67;7357697.457142858;7491823.6
"{'params': {'TPS': '7491823', 'EVENTS_NUM': '0', 'PERSON_PROPORTION': '1', 'AUCTION_PROPORTION': '3', 'BID_PROPORTION': '46', 'NEXMARK_TABLE': 'kafka', 'TOPIC': 'nexmark;nexmark-control', 'BOOTSTRAP_SERVERS': 'my-cluster-kafka-bootstrap.kafka:9092'}, 'notebook': '/xp_intro_q2_kafka_custom_ratelimit', 'timeout': 600}";"Calc(select=[bid.auction AS auction, bid.price AS price], where=[((event_type = 2) AND (MOD(bid.auction, 123) = 0))]);2|Sink: Sink(table=[default_catalog.default_database.discard_sink], fields=[auction, price]);1";c380538429bf7a2e1d746b03d48cd8c7;16;65536;8;1;1682170264000;30000;16;64;1;true;67;7390210.285714285;7491823.6
"{'params': {'TPS': '100000000', 'EVENTS_NUM': '0', 'PERSON_PROPORTION': '1', 'AUCTION_PROPORTION': '3', 'BID_PROPORTION': '46', 'NEXMARK_TABLE': 'kafka', 'TOPIC': 'nexmark;nexmark-control', 'BOOTSTRAP_SERVERS': 'my-cluster-kafka-bootstrap.kafka:9092'}, 'notebook': '/xp_intro_q2_kafka_custom_ratelimit', 'timeout': 120}";"Calc(select=[bid.auction AS auction, bid.price AS price], where=[((event_type = 2) AND (MOD(bid.auction, 123) = 0))]);3|Sink: Sink(table=[default_catalog.default_database.discard_sink], fields=[auction, price]);1";f5698251d55accc10759df0f0118e650;16;65536;8;-1;1682171492000;30000;16;64;1;true;68;637772.7714285714;11237735.0
"{'params': {'TPS': '100000000', 'EVENTS_NUM': '0', 'PERSON_PROPORTION': '1', 'AUCTION_PROPORTION': '3', 'BID_PROPORTION': '46', 'NEXMARK_TABLE': 'kafka', 'TOPIC': 'nexmark;nexmark-control', 'BOOTSTRAP_SERVERS': 'my-cluster-kafka-bootstrap.kafka:9092'}, 'notebook': '/xp_intro_q2_kafka_custom_ratelimit', 'timeout': 120}";"Calc(select=[bid.auction AS auction, bid.price AS price], where=[((event_type = 2) AND (MOD(bid.auction, 123) = 0))]);3|Sink: Sink(table=[default_catalog.default_database.discard_sink], fields=[auction, price]);1";462d8c127b6724272431eb2e7072bbd1;16;65536;8;0;1682172193000;30000;16;64;1;true;68;11772026.000000002;11237735.0
"{'params': {'TPS': '100000000', 'EVENTS_NUM': '0', 'PERSON_PROPORTION': '1', 'AUCTION_PROPORTION': '3', 'BID_PROPORTION': '46', 'NEXMARK_TABLE': 'kafka', 'TOPIC': 'nexmark;nexmark-control', 'BOOTSTRAP_SERVERS': 'my-cluster-kafka-bootstrap.kafka:9092'}, 'notebook': '/xp_intro_q2_kafka_custom_ratelimit', 'timeout': 120}";"Calc(select=[bid.auction AS auction, bid.price AS price], where=[((event_type = 2) AND (MOD(bid.auction, 123) = 0))]);3|Sink: Sink(table=[default_catalog.default_database.discard_sink], fields=[auction, price]);1";80b9e7ee197d5d074f72174140a9c231;16;65536;8;1;1682172893000;30000;16;64;1;true;68;11463411.885714289;11237735.0
"{'params': {'TPS': '100000000', 'EVENTS_NUM': '0', 'PERSON_PROPORTION': '1', 'AUCTION_PROPORTION': '3', 'BID_PROPORTION': '46', 'NEXMARK_TABLE': 'kafka', 'TOPIC': 'nexmark;nexmark-control', 'BOOTSTRAP_SERVERS': 'my-cluster-kafka-bootstrap.kafka:9092'}, 'notebook': '/xp_intro_q2_kafka_custom_ratelimit', 'timeout': 120}";"Calc(select=[bid.auction AS auction, bid.price AS price], where=[((event_type = 2) AND (MOD(bid.auction, 123) = 0))]);4|Sink: Sink(table=[default_catalog.default_database.discard_sink], fields=[auction, price]);1";27d04e217f7dd9f6059969bef9c94daa;16;65536;8;-1;1682173700000;30000;16;64;1;true;69;637189.4285714285;14983647.0
"{'params': {'TPS': '100000000', 'EVENTS_NUM': '0', 'PERSON_PROPORTION': '1', 'AUCTION_PROPORTION': '3', 'BID_PROPORTION': '46', 'NEXMARK_TABLE': 'kafka', 'TOPIC': 'nexmark;nexmark-control', 'BOOTSTRAP_SERVERS': 'my-cluster-kafka-bootstrap.kafka:9092'}, 'notebook': '/xp_intro_q2_kafka_custom_ratelimit', 'timeout': 120}";"Calc(select=[bid.auction AS auction, bid.price AS price], where=[((event_type = 2) AND (MOD(bid.auction, 123) = 0))]);4|Sink: Sink(table=[default_catalog.default_database.discard_sink], fields=[auction, price]);1";a264b9629d01ff6893dc487e341be340;16;65536;8;0;1682174326000;30000;16;64;1;true;69;14098510.342857143;14983647.0
"{'params': {'TPS': '100000000', 'EVENTS_NUM': '0', 'PERSON_PROPORTION': '1', 'AUCTION_PROPORTION': '3', 'BID_PROPORTION': '46', 'NEXMARK_TABLE': 'kafka', 'TOPIC': 'nexmark;nexmark-control', 'BOOTSTRAP_SERVERS': 'my-cluster-kafka-bootstrap.kafka:9092'}, 'notebook': '/xp_intro_q2_kafka_custom_ratelimit', 'timeout': 120}";"Calc(select=[bid.auction AS auction, bid.price AS price], where=[((event_type = 2) AND (MOD(bid.auction, 123) = 0))]);4|Sink: Sink(table=[default_catalog.default_database.discard_sink], fields=[auction, price]);1";aff5b453897415f871f8e0aa8658f1d0;16;65536;8;1;1682175102000;30000;16;64;1;true;69;12750768.599999998;14983647.0
"{'params': {'TPS': '100000000', 'EVENTS_NUM': '0', 'PERSON_PROPORTION': '1', 'AUCTION_PROPORTION': '3', 'BID_PROPORTION': '46', 'NEXMARK_TABLE': 'kafka', 'TOPIC': 'nexmark;nexmark-control', 'BOOTSTRAP_SERVERS': 'my-cluster-kafka-bootstrap.kafka:9092'}, 'notebook': '/xp_intro_q2_kafka_custom_ratelimit', 'timeout': 120}";"Calc(select=[bid.auction AS auction, bid.price AS price], where=[((event_type = 2) AND (MOD(bid.auction, 123) = 0))]);5|Sink: Sink(table=[default_catalog.default_database.discard_sink], fields=[auction, price]);1";a2e59a71b39024a2a8e13f6a661d8b90;16;65536;8;-1;1682175805000;30000;16;64;1;true;70;17044708.0;18729559.0
"{'params': {'TPS': '100000000', 'EVENTS_NUM': '0', 'PERSON_PROPORTION': '1', 'AUCTION_PROPORTION': '3', 'BID_PROPORTION': '46', 'NEXMARK_TABLE': 'kafka', 'TOPIC': 'nexmark;nexmark-control', 'BOOTSTRAP_SERVERS': 'my-cluster-kafka-bootstrap.kafka:9092'}, 'notebook': '/xp_intro_q2_kafka_custom_ratelimit', 'timeout': 120}";"Calc(select=[bid.auction AS auction, bid.price AS price], where=[((event_type = 2) AND (MOD(bid.auction, 123) = 0))]);5|Sink: Sink(table=[default_catalog.default_database.discard_sink], fields=[auction, price]);1";e188f0a66dc675bd35854fbd149f374e;16;65536;8;0;1682176505000;30000;16;64;1;true;70;15893194.37142857;18729559.0
"{'params': {'TPS': '100000000', 'EVENTS_NUM': '0', 'PERSON_PROPORTION': '1', 'AUCTION_PROPORTION': '3', 'BID_PROPORTION': '46', 'NEXMARK_TABLE': 'kafka', 'TOPIC': 'nexmark;nexmark-control', 'BOOTSTRAP_SERVERS': 'my-cluster-kafka-bootstrap.kafka:9092'}, 'notebook': '/xp_intro_q2_kafka_custom_ratelimit', 'timeout': 120}";"Calc(select=[bid.auction AS auction, bid.price AS price], where=[((event_type = 2) AND (MOD(bid.auction, 123) = 0))]);5|Sink: Sink(table=[default_catalog.default_database.discard_sink], fields=[auction, price]);1";968cbfeef30e0757daf1f2c0005c7257;16;65536;8;1;1682177205000;30000;16;64;1;true;70;16723331.342857141;18729559.0
